-- phpMyAdmin SQL Dump
-- version 4.4.14
-- http://www.phpmyadmin.net
--
-- Servidor: 127.0.0.1
-- Tiempo de generación: 15-06-2016 a las 12:35:58
-- Versión del servidor: 5.6.26
-- Versión de PHP: 5.6.12

SET SQL_MODE = "NO_AUTO_VALUE_ON_ZERO";
SET time_zone = "+00:00";


/*!40101 SET @OLD_CHARACTER_SET_CLIENT=@@CHARACTER_SET_CLIENT */;
/*!40101 SET @OLD_CHARACTER_SET_RESULTS=@@CHARACTER_SET_RESULTS */;
/*!40101 SET @OLD_COLLATION_CONNECTION=@@COLLATION_CONNECTION */;
/*!40101 SET NAMES utf8mb4 */;

--
-- Base de datos: `proyecto`
--

-- --------------------------------------------------------

--
-- Estructura de tabla para la tabla `asientos`
--

CREATE TABLE IF NOT EXISTS `asientos` (
  `id` int(11) unsigned NOT NULL,
  `nom` varchar(191) COLLATE utf8mb4_unicode_ci DEFAULT NULL,
  `sala_id` int(11) unsigned DEFAULT NULL
) ENGINE=InnoDB AUTO_INCREMENT=3816 DEFAULT CHARSET=utf8mb4 COLLATE=utf8mb4_unicode_ci;

--
-- Volcado de datos para la tabla `asientos`
--

INSERT INTO `asientos` (`id`, `nom`, `sala_id`) VALUES
(1662, 'f1a1', 1),
(1663, 'f1a2', 1),
(1664, 'f1a3', 1),
(1665, 'f1a4', 1),
(1666, 'f1a5', 1),
(1667, 'f1a6', 1),
(1668, 'f1a7', 1),
(1669, 'f1a8', 1),
(1670, 'f1a9', 1),
(1671, 'f1a10', 1),
(1672, 'f1a11', 1),
(1673, 'f1a12', 1),
(1674, 'f1a13', 1),
(1675, 'f1a14', 1),
(1676, 'f1a15', 1),
(1677, 'f1a16', 1),
(1678, 'f1a17', 1),
(1679, 'f1a18', 1),
(1680, 'f1a19', 1),
(1681, 'f2a1', 1),
(1682, 'f2a2', 1),
(1683, 'f2a3', 1),
(1684, 'f2a4', 1),
(1685, 'f2a5', 1),
(1686, 'f2a6', 1),
(1687, 'f2a7', 1),
(1688, 'f2a8', 1),
(1689, 'f2a9', 1),
(1690, 'f2a10', 1),
(1691, 'f2a11', 1),
(1692, 'f2a12', 1),
(1693, 'f2a13', 1),
(1694, 'f2a14', 1),
(1695, 'f2a15', 1),
(1696, 'f2a16', 1),
(1697, 'f2a17', 1),
(1698, 'f2a18', 1),
(1699, 'f2a19', 1),
(1700, 'f3a1', 1),
(1701, 'f3a2', 1),
(1702, 'f3a3', 1),
(1703, 'f3a4', 1),
(1704, 'f3a5', 1),
(1705, 'f3a6', 1),
(1706, 'f3a7', 1),
(1707, 'f3a8', 1),
(1708, 'f3a9', 1),
(1709, 'f3a10', 1),
(1710, 'f3a11', 1),
(1711, 'f3a12', 1),
(1712, 'f3a13', 1),
(1713, 'f3a14', 1),
(1714, 'f3a15', 1),
(1715, 'f3a16', 1),
(1716, 'f3a17', 1),
(1717, 'f3a18', 1),
(1718, 'f3a19', 1),
(1719, 'f4a1', 1),
(1720, 'f4a2', 1),
(1721, 'f4a3', 1),
(1722, 'f4a4', 1),
(1723, 'f4a5', 1),
(1724, 'f4a6', 1),
(1725, 'f4a7', 1),
(1726, 'f4a8', 1),
(1727, 'f4a9', 1),
(1728, 'f4a10', 1),
(1729, 'f4a11', 1),
(1730, 'f4a12', 1),
(1731, 'f4a13', 1),
(1732, 'f4a14', 1),
(1733, 'f4a15', 1),
(1734, 'f4a16', 1),
(1735, 'f4a17', 1),
(1736, 'f4a18', 1),
(1737, 'f4a19', 1),
(1738, 'f5a1', 1),
(1739, 'f5a2', 1),
(1740, 'f5a3', 1),
(1741, 'f5a4', 1),
(1742, 'f5a5', 1),
(1743, 'f5a6', 1),
(1744, 'f5a7', 1),
(1745, 'f5a8', 1),
(1746, 'f5a9', 1),
(1747, 'f5a10', 1),
(1748, 'f5a11', 1),
(1749, 'f5a12', 1),
(1750, 'f5a13', 1),
(1751, 'f5a14', 1),
(1752, 'f5a15', 1),
(1753, 'f5a16', 1),
(1754, 'f5a17', 1),
(1755, 'f5a18', 1),
(1756, 'f5a19', 1),
(1757, 'f6a1', 1),
(1758, 'f6a2', 1),
(1759, 'f6a3', 1),
(1760, 'f6a4', 1),
(1761, 'f6a5', 1),
(1762, 'f6a6', 1),
(1763, 'f6a7', 1),
(1764, 'f6a8', 1),
(1765, 'f6a9', 1),
(1766, 'f6a10', 1),
(1767, 'f6a11', 1),
(1768, 'f6a12', 1),
(1769, 'f6a13', 1),
(1770, 'f6a14', 1),
(1771, 'f6a15', 1),
(1772, 'f6a16', 1),
(1773, 'f6a17', 1),
(1774, 'f6a18', 1),
(1775, 'f6a19', 1),
(1776, 'f7a1', 1),
(1777, 'f7a2', 1),
(1778, 'f7a3', 1),
(1779, 'f7a4', 1),
(1780, 'f7a5', 1),
(1781, 'f7a6', 1),
(1782, 'f7a7', 1),
(1783, 'f7a8', 1),
(1784, 'f7a9', 1),
(1785, 'f7a10', 1),
(1786, 'f7a11', 1),
(1787, 'f7a12', 1),
(1788, 'f7a13', 1),
(1789, 'f7a14', 1),
(1790, 'f7a15', 1),
(1791, 'f7a16', 1),
(1792, 'f7a17', 1),
(1793, 'f7a18', 1),
(1794, 'f7a19', 1),
(1795, 'f8a1', 1),
(1796, 'f8a2', 1),
(1797, 'f8a3', 1),
(1798, 'f8a4', 1),
(1799, 'f8a5', 1),
(1800, 'f8a6', 1),
(1801, 'f8a7', 1),
(1802, 'f8a8', 1),
(1803, 'f8a9', 1),
(1804, 'f8a10', 1),
(1805, 'f8a11', 1),
(1806, 'f8a12', 1),
(1807, 'f8a13', 1),
(1808, 'f8a14', 1),
(1809, 'f8a15', 1),
(1810, 'f8a16', 1),
(1811, 'f8a17', 1),
(1812, 'f8a18', 1),
(1813, 'f8a19', 1),
(1814, 'f9a1', 1),
(1815, 'f9a2', 1),
(1816, 'f9a3', 1),
(1817, 'f9a4', 1),
(1818, 'f9a5', 1),
(1819, 'f9a6', 1),
(1820, 'f9a7', 1),
(1821, 'f9a8', 1),
(1822, 'f9a9', 1),
(1823, 'f9a10', 1),
(1824, 'f9a11', 1),
(1825, 'f9a12', 1),
(1826, 'f9a13', 1),
(1827, 'f9a14', 1),
(1828, 'f9a15', 1),
(1829, 'f9a16', 1),
(1830, 'f9a17', 1),
(1831, 'f9a18', 1),
(1832, 'f9a19', 1),
(1833, 'f10a1', 1),
(1834, 'f10a2', 1),
(1835, 'f10a3', 1),
(1836, 'f10a4', 1),
(1837, 'f10a5', 1),
(1838, 'f10a6', 1),
(1839, 'f10a7', 1),
(1840, 'f10a8', 1),
(1841, 'f10a9', 1),
(1842, 'f10a10', 1),
(1843, 'f10a11', 1),
(1844, 'f10a12', 1),
(1845, 'f10a13', 1),
(1846, 'f10a14', 1),
(1847, 'f10a15', 1),
(1848, 'f10a16', 1),
(1849, 'f10a17', 1),
(1850, 'f10a18', 1),
(1851, 'f10a19', 1),
(1852, 'f11a1', 1),
(1853, 'f11a2', 1),
(1854, 'f11a3', 1),
(1855, 'f11a4', 1),
(1856, 'f11a5', 1),
(1857, 'f11a6', 1),
(1858, 'f11a7', 1),
(1859, 'f11a8', 1),
(1860, 'f11a9', 1),
(1861, 'f11a10', 1),
(1862, 'f11a11', 1),
(1863, 'f11a12', 1),
(1864, 'f11a13', 1),
(1865, 'f11a14', 1),
(1866, 'f11a15', 1),
(1867, 'f11a16', 1),
(1868, 'f11a17', 1),
(1869, 'f11a18', 1),
(1870, 'f11a19', 1),
(1871, 'f12a1', 1),
(1872, 'f12a2', 1),
(1873, 'f12a3', 1),
(1874, 'f12a4', 1),
(1875, 'f12a5', 1),
(1876, 'f12a6', 1),
(1877, 'f12a7', 1),
(1878, 'f12a8', 1),
(1879, 'f12a9', 1),
(1880, 'f12a10', 1),
(1881, 'f12a11', 1),
(1882, 'f12a12', 1),
(1883, 'f12a13', 1),
(1884, 'f12a14', 1),
(1885, 'f12a15', 1),
(1886, 'f12a16', 1),
(1887, 'f12a17', 1),
(1888, 'f12a18', 1),
(1889, 'f12a19', 1),
(1890, 'f13a1', 1),
(1891, 'f13a2', 1),
(1892, 'f13a3', 1),
(1893, 'f13a4', 1),
(1894, 'f13a5', 1),
(1895, 'f13a6', 1),
(1896, 'f13a7', 1),
(1897, 'f13a8', 1),
(1898, 'f13a9', 1),
(1899, 'f13a10', 1),
(1900, 'f13a11', 1),
(1901, 'f13a12', 1),
(1902, 'f13a13', 1),
(1903, 'f13a14', 1),
(1904, 'f13a15', 1),
(1905, 'f13a16', 1),
(1906, 'f13a17', 1),
(1907, 'f13a18', 1),
(1908, 'f13a19', 1),
(1909, 'f14a1', 1),
(1910, 'f14a2', 1),
(1911, 'f14a3', 1),
(1912, 'f14a4', 1),
(1913, 'f14a5', 1),
(1914, 'f14a6', 1),
(1915, 'f14a7', 1),
(1916, 'f14a8', 1),
(1917, 'f14a9', 1),
(1918, 'f14a10', 1),
(1919, 'f14a11', 1),
(1920, 'f14a12', 1),
(1921, 'f14a13', 1),
(1922, 'f14a14', 1),
(1923, 'f14a15', 1),
(1924, 'f14a16', 1),
(1925, 'f14a17', 1),
(1926, 'f14a18', 1),
(1927, 'f14a19', 1),
(1928, 'f1a1', 2),
(1929, 'f1a2', 2),
(1930, 'f1a3', 2),
(1931, 'f1a4', 2),
(1932, 'f1a5', 2),
(1933, 'f1a6', 2),
(1934, 'f1a7', 2),
(1935, 'f1a8', 2),
(1936, 'f1a9', 2),
(1937, 'f1a10', 2),
(1938, 'f1a11', 2),
(1939, 'f1a12', 2),
(1940, 'f1a13', 2),
(1941, 'f1a14', 2),
(1942, 'f1a15', 2),
(1943, 'f1a16', 2),
(1944, 'f1a17', 2),
(1945, 'f1a18', 2),
(1946, 'f1a19', 2),
(1947, 'f2a1', 2),
(1948, 'f2a2', 2),
(1949, 'f2a3', 2),
(1950, 'f2a4', 2),
(1951, 'f2a5', 2),
(1952, 'f2a6', 2),
(1953, 'f2a7', 2),
(1954, 'f2a8', 2),
(1955, 'f2a9', 2),
(1956, 'f2a10', 2),
(1957, 'f2a11', 2),
(1958, 'f2a12', 2),
(1959, 'f2a13', 2),
(1960, 'f2a14', 2),
(1961, 'f2a15', 2),
(1962, 'f2a16', 2),
(1963, 'f2a17', 2),
(1964, 'f2a18', 2),
(1965, 'f2a19', 2),
(1966, 'f3a1', 2),
(1967, 'f3a2', 2),
(1968, 'f3a3', 2),
(1969, 'f3a4', 2),
(1970, 'f3a5', 2),
(1971, 'f3a6', 2),
(1972, 'f3a7', 2),
(1973, 'f3a8', 2),
(1974, 'f3a9', 2),
(1975, 'f3a10', 2),
(1976, 'f3a11', 2),
(1977, 'f3a12', 2),
(1978, 'f3a13', 2),
(1979, 'f3a14', 2),
(1980, 'f3a15', 2),
(1981, 'f3a16', 2),
(1982, 'f3a17', 2),
(1983, 'f3a18', 2),
(1984, 'f3a19', 2),
(1985, 'f4a1', 2),
(1986, 'f4a2', 2),
(1987, 'f4a3', 2),
(1988, 'f4a4', 2),
(1989, 'f4a5', 2),
(1990, 'f4a6', 2),
(1991, 'f4a7', 2),
(1992, 'f4a8', 2),
(1993, 'f4a9', 2),
(1994, 'f4a10', 2),
(1995, 'f4a11', 2),
(1996, 'f4a12', 2),
(1997, 'f4a13', 2),
(1998, 'f4a14', 2),
(1999, 'f4a15', 2),
(2000, 'f4a16', 2),
(2001, 'f4a17', 2),
(2002, 'f4a18', 2),
(2003, 'f4a19', 2),
(2004, 'f5a1', 2),
(2005, 'f5a2', 2),
(2006, 'f5a3', 2),
(2007, 'f5a4', 2),
(2008, 'f5a5', 2),
(2009, 'f5a6', 2),
(2010, 'f5a7', 2),
(2011, 'f5a8', 2),
(2012, 'f5a9', 2),
(2013, 'f5a10', 2),
(2014, 'f5a11', 2),
(2015, 'f5a12', 2),
(2016, 'f5a13', 2),
(2017, 'f5a14', 2),
(2018, 'f5a15', 2),
(2019, 'f5a16', 2),
(2020, 'f5a17', 2),
(2021, 'f5a18', 2),
(2022, 'f5a19', 2),
(2023, 'f6a1', 2),
(2024, 'f6a2', 2),
(2025, 'f6a3', 2),
(2026, 'f6a4', 2),
(2027, 'f6a5', 2),
(2028, 'f6a6', 2),
(2029, 'f6a7', 2),
(2030, 'f6a8', 2),
(2031, 'f6a9', 2),
(2032, 'f6a10', 2),
(2033, 'f6a11', 2),
(2034, 'f6a12', 2),
(2035, 'f6a13', 2),
(2036, 'f6a14', 2),
(2037, 'f6a15', 2),
(2038, 'f6a16', 2),
(2039, 'f6a17', 2),
(2040, 'f6a18', 2),
(2041, 'f6a19', 2),
(2042, 'f7a1', 2),
(2043, 'f7a2', 2),
(2044, 'f7a3', 2),
(2045, 'f7a4', 2),
(2046, 'f7a5', 2),
(2047, 'f7a6', 2),
(2048, 'f7a7', 2),
(2049, 'f7a8', 2),
(2050, 'f7a9', 2),
(2051, 'f7a10', 2),
(2052, 'f7a11', 2),
(2053, 'f7a12', 2),
(2054, 'f7a13', 2),
(2055, 'f7a14', 2),
(2056, 'f7a15', 2),
(2057, 'f7a16', 2),
(2058, 'f7a17', 2),
(2059, 'f7a18', 2),
(2060, 'f7a19', 2),
(2061, 'f8a1', 2),
(2062, 'f8a2', 2),
(2063, 'f8a3', 2),
(2064, 'f8a4', 2),
(2065, 'f8a5', 2),
(2066, 'f8a6', 2),
(2067, 'f8a7', 2),
(2068, 'f8a8', 2),
(2069, 'f8a9', 2),
(2070, 'f8a10', 2),
(2071, 'f8a11', 2),
(2072, 'f8a12', 2),
(2073, 'f8a13', 2),
(2074, 'f8a14', 2),
(2075, 'f8a15', 2),
(2076, 'f8a16', 2),
(2077, 'f8a17', 2),
(2078, 'f8a18', 2),
(2079, 'f8a19', 2),
(2080, 'f9a1', 2),
(2081, 'f9a2', 2),
(2082, 'f9a3', 2),
(2083, 'f9a4', 2),
(2084, 'f9a5', 2),
(2085, 'f9a6', 2),
(2086, 'f9a7', 2),
(2087, 'f9a8', 2),
(2088, 'f9a9', 2),
(2089, 'f9a10', 2),
(2090, 'f9a11', 2),
(2091, 'f9a12', 2),
(2092, 'f9a13', 2),
(2093, 'f9a14', 2),
(2094, 'f9a15', 2),
(2095, 'f9a16', 2),
(2096, 'f9a17', 2),
(2097, 'f9a18', 2),
(2098, 'f9a19', 2),
(2099, 'f10a1', 2),
(2100, 'f10a2', 2),
(2101, 'f10a3', 2),
(2102, 'f10a4', 2),
(2103, 'f10a5', 2),
(2104, 'f10a6', 2),
(2105, 'f10a7', 2),
(2106, 'f10a8', 2),
(2107, 'f10a9', 2),
(2108, 'f10a10', 2),
(2109, 'f10a11', 2),
(2110, 'f10a12', 2),
(2111, 'f10a13', 2),
(2112, 'f10a14', 2),
(2113, 'f10a15', 2),
(2114, 'f10a16', 2),
(2115, 'f10a17', 2),
(2116, 'f10a18', 2),
(2117, 'f10a19', 2),
(2118, 'f11a1', 2),
(2119, 'f11a2', 2),
(2120, 'f11a3', 2),
(2121, 'f11a4', 2),
(2122, 'f11a5', 2),
(2123, 'f11a6', 2),
(2124, 'f11a7', 2),
(2125, 'f11a8', 2),
(2126, 'f11a9', 2),
(2127, 'f11a10', 2),
(2128, 'f11a11', 2),
(2129, 'f11a12', 2),
(2130, 'f11a13', 2),
(2131, 'f11a14', 2),
(2132, 'f11a15', 2),
(2133, 'f11a16', 2),
(2134, 'f11a17', 2),
(2135, 'f11a18', 2),
(2136, 'f11a19', 2),
(2137, 'f12a1', 2),
(2138, 'f12a2', 2),
(2139, 'f12a3', 2),
(2140, 'f12a4', 2),
(2141, 'f12a5', 2),
(2142, 'f12a6', 2),
(2143, 'f12a7', 2),
(2144, 'f12a8', 2),
(2145, 'f12a9', 2),
(2146, 'f12a10', 2),
(2147, 'f12a11', 2),
(2148, 'f12a12', 2),
(2149, 'f12a13', 2),
(2150, 'f12a14', 2),
(2151, 'f12a15', 2),
(2152, 'f12a16', 2),
(2153, 'f12a17', 2),
(2154, 'f12a18', 2),
(2155, 'f12a19', 2),
(2156, 'f13a1', 2),
(2157, 'f13a2', 2),
(2158, 'f13a3', 2),
(2159, 'f13a4', 2),
(2160, 'f13a5', 2),
(2161, 'f13a6', 2),
(2162, 'f13a7', 2),
(2163, 'f13a8', 2),
(2164, 'f13a9', 2),
(2165, 'f13a10', 2),
(2166, 'f13a11', 2),
(2167, 'f13a12', 2),
(2168, 'f13a13', 2),
(2169, 'f13a14', 2),
(2170, 'f13a15', 2),
(2171, 'f13a16', 2),
(2172, 'f13a17', 2),
(2173, 'f13a18', 2),
(2174, 'f13a19', 2),
(2175, 'f14a1', 2),
(2176, 'f14a2', 2),
(2177, 'f14a3', 2),
(2178, 'f14a4', 2),
(2179, 'f14a5', 2),
(2180, 'f14a6', 2),
(2181, 'f14a7', 2),
(2182, 'f14a8', 2),
(2183, 'f14a9', 2),
(2184, 'f14a10', 2),
(2185, 'f14a11', 2),
(2186, 'f14a12', 2),
(2187, 'f14a13', 2),
(2188, 'f14a14', 2),
(2189, 'f14a15', 2),
(2190, 'f14a16', 2),
(2191, 'f14a17', 2),
(2192, 'f14a18', 2),
(2193, 'f14a19', 2),
(2194, 'f1a6', 3),
(2195, 'f1a7', 3),
(2196, 'f1a8', 3),
(2197, 'f1a9', 3),
(2198, 'f1a10', 3),
(2199, 'f1a11', 3),
(2200, 'f1a12', 3),
(2201, 'f1a13', 3),
(2202, 'f1a14', 3),
(2203, 'f2a6', 3),
(2204, 'f2a7', 3),
(2205, 'f2a8', 3),
(2206, 'f2a9', 3),
(2207, 'f2a10', 3),
(2208, 'f2a11', 3),
(2209, 'f2a12', 3),
(2210, 'f2a13', 3),
(2211, 'f2a14', 3),
(2212, 'f3a6', 3),
(2213, 'f3a7', 3),
(2214, 'f3a8', 3),
(2215, 'f3a9', 3),
(2216, 'f3a10', 3),
(2217, 'f3a11', 3),
(2218, 'f3a12', 3),
(2219, 'f3a13', 3),
(2220, 'f3a14', 3),
(2221, 'f4a6', 3),
(2222, 'f4a7', 3),
(2223, 'f4a8', 3),
(2224, 'f4a9', 3),
(2225, 'f4a10', 3),
(2226, 'f4a11', 3),
(2227, 'f4a12', 3),
(2228, 'f4a13', 3),
(2229, 'f4a14', 3),
(2230, 'f5a6', 3),
(2231, 'f5a7', 3),
(2232, 'f5a8', 3),
(2233, 'f5a9', 3),
(2234, 'f5a10', 3),
(2235, 'f5a11', 3),
(2236, 'f5a12', 3),
(2237, 'f5a13', 3),
(2238, 'f5a14', 3),
(2239, 'f6a6', 3),
(2240, 'f6a7', 3),
(2241, 'f6a8', 3),
(2242, 'f6a9', 3),
(2243, 'f6a10', 3),
(2244, 'f6a11', 3),
(2245, 'f6a12', 3),
(2246, 'f6a13', 3),
(2247, 'f6a14', 3),
(2248, 'f7a6', 3),
(2249, 'f7a7', 3),
(2250, 'f7a8', 3),
(2251, 'f7a9', 3),
(2252, 'f7a10', 3),
(2253, 'f7a11', 3),
(2254, 'f7a12', 3),
(2255, 'f7a13', 3),
(2256, 'f7a14', 3),
(2257, 'f8a6', 3),
(2258, 'f8a7', 3),
(2259, 'f8a8', 3),
(2260, 'f8a9', 3),
(2261, 'f8a10', 3),
(2262, 'f8a11', 3),
(2263, 'f8a12', 3),
(2264, 'f8a13', 3),
(2265, 'f8a14', 3),
(2266, 'f9a1', 3),
(2267, 'f9a2', 3),
(2268, 'f9a3', 3),
(2269, 'f9a4', 3),
(2270, 'f9a5', 3),
(2271, 'f9a6', 3),
(2272, 'f9a7', 3),
(2273, 'f9a8', 3),
(2274, 'f9a9', 3),
(2275, 'f9a10', 3),
(2276, 'f9a11', 3),
(2277, 'f9a12', 3),
(2278, 'f9a13', 3),
(2279, 'f9a14', 3),
(2280, 'f9a15', 3),
(2281, 'f9a16', 3),
(2282, 'f9a17', 3),
(2283, 'f9a18', 3),
(2284, 'f9a19', 3),
(2285, 'f10a1', 3),
(2286, 'f10a2', 3),
(2287, 'f10a3', 3),
(2288, 'f10a4', 3),
(2289, 'f10a5', 3),
(2290, 'f10a6', 3),
(2291, 'f10a7', 3),
(2292, 'f10a8', 3),
(2293, 'f10a9', 3),
(2294, 'f10a10', 3),
(2295, 'f10a11', 3),
(2296, 'f10a12', 3),
(2297, 'f10a13', 3),
(2298, 'f10a14', 3),
(2299, 'f10a15', 3),
(2300, 'f10a16', 3),
(2301, 'f10a17', 3),
(2302, 'f10a18', 3),
(2303, 'f10a19', 3),
(2304, 'f11a1', 3),
(2305, 'f11a2', 3),
(2306, 'f11a3', 3),
(2307, 'f11a4', 3),
(2308, 'f11a5', 3),
(2309, 'f11a6', 3),
(2310, 'f11a7', 3),
(2311, 'f11a8', 3),
(2312, 'f11a9', 3),
(2313, 'f11a10', 3),
(2314, 'f11a11', 3),
(2315, 'f11a12', 3),
(2316, 'f11a13', 3),
(2317, 'f11a14', 3),
(2318, 'f11a15', 3),
(2319, 'f11a16', 3),
(2320, 'f11a17', 3),
(2321, 'f11a18', 3),
(2322, 'f11a19', 3),
(2323, 'f12a1', 3),
(2324, 'f12a2', 3),
(2325, 'f12a3', 3),
(2326, 'f12a4', 3),
(2327, 'f12a5', 3),
(2328, 'f12a6', 3),
(2329, 'f12a7', 3),
(2330, 'f12a8', 3),
(2331, 'f12a9', 3),
(2332, 'f12a10', 3),
(2333, 'f12a11', 3),
(2334, 'f12a12', 3),
(2335, 'f12a13', 3),
(2336, 'f12a14', 3),
(2337, 'f12a15', 3),
(2338, 'f12a16', 3),
(2339, 'f12a17', 3),
(2340, 'f12a18', 3),
(2341, 'f12a19', 3),
(2342, 'f13a1', 3),
(2343, 'f13a2', 3),
(2344, 'f13a3', 3),
(2345, 'f13a4', 3),
(2346, 'f13a5', 3),
(2347, 'f13a6', 3),
(2348, 'f13a7', 3),
(2349, 'f13a8', 3),
(2350, 'f13a9', 3),
(2351, 'f13a10', 3),
(2352, 'f13a11', 3),
(2353, 'f13a12', 3),
(2354, 'f13a13', 3),
(2355, 'f13a14', 3),
(2356, 'f13a15', 3),
(2357, 'f13a16', 3),
(2358, 'f13a17', 3),
(2359, 'f13a18', 3),
(2360, 'f13a19', 3),
(2361, 'f14a1', 3),
(2362, 'f14a2', 3),
(2363, 'f14a3', 3),
(2364, 'f14a4', 3),
(2365, 'f14a5', 3),
(2366, 'f14a6', 3),
(2367, 'f14a7', 3),
(2368, 'f14a8', 3),
(2369, 'f14a9', 3),
(2370, 'f14a10', 3),
(2371, 'f14a11', 3),
(2372, 'f14a12', 3),
(2373, 'f14a13', 3),
(2374, 'f14a14', 3),
(2375, 'f14a15', 3),
(2376, 'f14a16', 3),
(2377, 'f14a17', 3),
(2378, 'f14a18', 3),
(2379, 'f14a19', 3),
(2380, 'f1a1', 4),
(2381, 'f1a2', 4),
(2382, 'f1a3', 4),
(2383, 'f1a4', 4),
(2384, 'f1a5', 4),
(2385, 'f1a6', 4),
(2386, 'f1a7', 4),
(2387, 'f1a8', 4),
(2388, 'f1a9', 4),
(2389, 'f1a10', 4),
(2390, 'f1a11', 4),
(2391, 'f1a12', 4),
(2392, 'f1a13', 4),
(2393, 'f1a14', 4),
(2394, 'f1a15', 4),
(2395, 'f1a16', 4),
(2396, 'f1a17', 4),
(2397, 'f1a18', 4),
(2398, 'f1a19', 4),
(2399, 'f2a1', 4),
(2400, 'f2a2', 4),
(2401, 'f2a3', 4),
(2402, 'f2a4', 4),
(2403, 'f2a5', 4),
(2404, 'f2a6', 4),
(2405, 'f2a7', 4),
(2406, 'f2a8', 4),
(2407, 'f2a9', 4),
(2408, 'f2a10', 4),
(2409, 'f2a11', 4),
(2410, 'f2a12', 4),
(2411, 'f2a13', 4),
(2412, 'f2a14', 4),
(2413, 'f2a15', 4),
(2414, 'f2a16', 4),
(2415, 'f2a17', 4),
(2416, 'f2a18', 4),
(2417, 'f2a19', 4),
(2418, 'f3a1', 4),
(2419, 'f3a2', 4),
(2420, 'f3a3', 4),
(2421, 'f3a4', 4),
(2422, 'f3a5', 4),
(2423, 'f3a6', 4),
(2424, 'f3a7', 4),
(2425, 'f3a8', 4),
(2426, 'f3a9', 4),
(2427, 'f3a10', 4),
(2428, 'f3a11', 4),
(2429, 'f3a12', 4),
(2430, 'f3a13', 4),
(2431, 'f3a14', 4),
(2432, 'f3a15', 4),
(2433, 'f3a16', 4),
(2434, 'f3a17', 4),
(2435, 'f3a18', 4),
(2436, 'f3a19', 4),
(2437, 'f4a1', 4),
(2438, 'f4a2', 4),
(2439, 'f4a3', 4),
(2440, 'f4a4', 4),
(2441, 'f4a5', 4),
(2442, 'f4a6', 4),
(2443, 'f4a7', 4),
(2444, 'f4a8', 4),
(2445, 'f4a9', 4),
(2446, 'f4a10', 4),
(2447, 'f4a11', 4),
(2448, 'f4a12', 4),
(2449, 'f4a13', 4),
(2450, 'f4a14', 4),
(2451, 'f4a15', 4),
(2452, 'f4a16', 4),
(2453, 'f4a17', 4),
(2454, 'f4a18', 4),
(2455, 'f4a19', 4),
(2456, 'f5a1', 4),
(2457, 'f5a2', 4),
(2458, 'f5a3', 4),
(2459, 'f5a4', 4),
(2460, 'f5a5', 4),
(2461, 'f5a6', 4),
(2462, 'f5a7', 4),
(2463, 'f5a8', 4),
(2464, 'f5a9', 4),
(2465, 'f5a10', 4),
(2466, 'f5a11', 4),
(2467, 'f5a12', 4),
(2468, 'f5a13', 4),
(2469, 'f5a14', 4),
(2470, 'f5a15', 4),
(2471, 'f5a16', 4),
(2472, 'f5a17', 4),
(2473, 'f5a18', 4),
(2474, 'f5a19', 4),
(2475, 'f6a1', 4),
(2476, 'f6a2', 4),
(2477, 'f6a3', 4),
(2478, 'f6a4', 4),
(2479, 'f6a5', 4),
(2480, 'f6a6', 4),
(2481, 'f6a7', 4),
(2482, 'f6a8', 4),
(2483, 'f6a9', 4),
(2484, 'f6a10', 4),
(2485, 'f6a11', 4),
(2486, 'f6a12', 4),
(2487, 'f6a13', 4),
(2488, 'f6a14', 4),
(2489, 'f6a15', 4),
(2490, 'f6a16', 4),
(2491, 'f6a17', 4),
(2492, 'f6a18', 4),
(2493, 'f6a19', 4),
(2494, 'f7a1', 4),
(2495, 'f7a2', 4),
(2496, 'f7a3', 4),
(2497, 'f7a4', 4),
(2498, 'f7a5', 4),
(2499, 'f7a6', 4),
(2500, 'f7a7', 4),
(2501, 'f7a8', 4),
(2502, 'f7a9', 4),
(2503, 'f7a10', 4),
(2504, 'f7a11', 4),
(2505, 'f7a12', 4),
(2506, 'f7a13', 4),
(2507, 'f7a14', 4),
(2508, 'f7a15', 4),
(2509, 'f7a16', 4),
(2510, 'f7a17', 4),
(2511, 'f7a18', 4),
(2512, 'f7a19', 4),
(2513, 'f8a1', 4),
(2514, 'f8a2', 4),
(2515, 'f8a3', 4),
(2516, 'f8a4', 4),
(2517, 'f8a5', 4),
(2518, 'f8a6', 4),
(2519, 'f8a7', 4),
(2520, 'f8a8', 4),
(2521, 'f8a9', 4),
(2522, 'f8a10', 4),
(2523, 'f8a11', 4),
(2524, 'f8a12', 4),
(2525, 'f8a13', 4),
(2526, 'f8a14', 4),
(2527, 'f8a15', 4),
(2528, 'f8a16', 4),
(2529, 'f8a17', 4),
(2530, 'f8a18', 4),
(2531, 'f8a19', 4),
(2532, 'f9a1', 4),
(2533, 'f9a2', 4),
(2534, 'f9a3', 4),
(2535, 'f9a4', 4),
(2536, 'f9a5', 4),
(2537, 'f9a6', 4),
(2538, 'f9a7', 4),
(2539, 'f9a8', 4),
(2540, 'f9a9', 4),
(2541, 'f9a10', 4),
(2542, 'f9a11', 4),
(2543, 'f9a12', 4),
(2544, 'f9a13', 4),
(2545, 'f9a14', 4),
(2546, 'f9a15', 4),
(2547, 'f9a16', 4),
(2548, 'f9a17', 4),
(2549, 'f9a18', 4),
(2550, 'f9a19', 4),
(2551, 'f10a1', 4),
(2552, 'f10a2', 4),
(2553, 'f10a3', 4),
(2554, 'f10a4', 4),
(2555, 'f10a5', 4),
(2556, 'f10a6', 4),
(2557, 'f10a7', 4),
(2558, 'f10a8', 4),
(2559, 'f10a9', 4),
(2560, 'f10a10', 4),
(2561, 'f10a11', 4),
(2562, 'f10a12', 4),
(2563, 'f10a13', 4),
(2564, 'f10a14', 4),
(2565, 'f10a15', 4),
(2566, 'f10a16', 4),
(2567, 'f10a17', 4),
(2568, 'f10a18', 4),
(2569, 'f10a19', 4),
(2570, 'f11a1', 4),
(2571, 'f11a2', 4),
(2572, 'f11a3', 4),
(2573, 'f11a4', 4),
(2574, 'f11a5', 4),
(2575, 'f11a6', 4),
(2576, 'f11a7', 4),
(2577, 'f11a8', 4),
(2578, 'f11a9', 4),
(2579, 'f11a10', 4),
(2580, 'f11a11', 4),
(2581, 'f11a12', 4),
(2582, 'f11a13', 4),
(2583, 'f11a14', 4),
(2584, 'f11a15', 4),
(2585, 'f11a16', 4),
(2586, 'f11a17', 4),
(2587, 'f11a18', 4),
(2588, 'f11a19', 4),
(2589, 'f12a1', 4),
(2590, 'f12a2', 4),
(2591, 'f12a3', 4),
(2592, 'f12a4', 4),
(2593, 'f12a5', 4),
(2594, 'f12a6', 4),
(2595, 'f12a7', 4),
(2596, 'f12a8', 4),
(2597, 'f12a9', 4),
(2598, 'f12a10', 4),
(2599, 'f12a11', 4),
(2600, 'f12a12', 4),
(2601, 'f12a13', 4),
(2602, 'f12a14', 4),
(2603, 'f12a15', 4),
(2604, 'f12a16', 4),
(2605, 'f12a17', 4),
(2606, 'f12a18', 4),
(2607, 'f12a19', 4),
(2608, 'f13a1', 4),
(2609, 'f13a2', 4),
(2610, 'f13a3', 4),
(2611, 'f13a4', 4),
(2612, 'f13a5', 4),
(2613, 'f13a6', 4),
(2614, 'f13a7', 4),
(2615, 'f13a8', 4),
(2616, 'f13a9', 4),
(2617, 'f13a10', 4),
(2618, 'f13a11', 4),
(2619, 'f13a12', 4),
(2620, 'f13a13', 4),
(2621, 'f13a14', 4),
(2622, 'f13a15', 4),
(2623, 'f13a16', 4),
(2624, 'f13a17', 4),
(2625, 'f13a18', 4),
(2626, 'f13a19', 4),
(2627, 'f14a1', 4),
(2628, 'f14a2', 4),
(2629, 'f14a3', 4),
(2630, 'f14a4', 4),
(2631, 'f14a5', 4),
(2632, 'f14a6', 4),
(2633, 'f14a7', 4),
(2634, 'f14a8', 4),
(2635, 'f14a9', 4),
(2636, 'f14a10', 4),
(2637, 'f14a11', 4),
(2638, 'f14a12', 4),
(2639, 'f14a13', 4),
(2640, 'f14a14', 4),
(2641, 'f14a15', 4),
(2642, 'f14a16', 4),
(2643, 'f14a17', 4),
(2644, 'f14a18', 4),
(2645, 'f14a19', 4),
(2646, 'f1a1', 5),
(2647, 'f1a2', 5),
(2648, 'f1a3', 5),
(2649, 'f1a4', 5),
(2650, 'f1a5', 5),
(2651, 'f1a6', 5),
(2652, 'f1a7', 5),
(2653, 'f1a8', 5),
(2654, 'f1a9', 5),
(2655, 'f1a10', 5),
(2656, 'f1a11', 5),
(2657, 'f1a12', 5),
(2658, 'f1a13', 5),
(2659, 'f1a14', 5),
(2660, 'f1a15', 5),
(2661, 'f1a16', 5),
(2662, 'f1a17', 5),
(2663, 'f1a18', 5),
(2664, 'f1a19', 5),
(2665, 'f2a1', 5),
(2666, 'f2a2', 5),
(2667, 'f2a3', 5),
(2668, 'f2a4', 5),
(2669, 'f2a5', 5),
(2670, 'f2a6', 5),
(2671, 'f2a7', 5),
(2672, 'f2a8', 5),
(2673, 'f2a9', 5),
(2674, 'f2a10', 5),
(2675, 'f2a11', 5),
(2676, 'f2a12', 5),
(2677, 'f2a13', 5),
(2678, 'f2a14', 5),
(2679, 'f2a15', 5),
(2680, 'f2a16', 5),
(2681, 'f2a17', 5),
(2682, 'f2a18', 5),
(2683, 'f2a19', 5),
(2684, 'f3a1', 5),
(2685, 'f3a2', 5),
(2686, 'f3a3', 5),
(2687, 'f3a4', 5),
(2688, 'f3a5', 5),
(2689, 'f3a6', 5),
(2690, 'f3a7', 5),
(2691, 'f3a8', 5),
(2692, 'f3a9', 5),
(2693, 'f3a10', 5),
(2694, 'f3a11', 5),
(2695, 'f3a12', 5),
(2696, 'f3a13', 5),
(2697, 'f3a14', 5),
(2698, 'f3a15', 5),
(2699, 'f3a16', 5),
(2700, 'f3a17', 5),
(2701, 'f3a18', 5),
(2702, 'f3a19', 5),
(2703, 'f4a1', 5),
(2704, 'f4a2', 5),
(2705, 'f4a3', 5),
(2706, 'f4a4', 5),
(2707, 'f4a5', 5),
(2708, 'f4a6', 5),
(2709, 'f4a7', 5),
(2710, 'f4a8', 5),
(2711, 'f4a9', 5),
(2712, 'f4a10', 5),
(2713, 'f4a11', 5),
(2714, 'f4a12', 5),
(2715, 'f4a13', 5),
(2716, 'f4a14', 5),
(2717, 'f4a15', 5),
(2718, 'f4a16', 5),
(2719, 'f4a17', 5),
(2720, 'f4a18', 5),
(2721, 'f4a19', 5),
(2722, 'f5a1', 5),
(2723, 'f5a2', 5),
(2724, 'f5a3', 5),
(2725, 'f5a4', 5),
(2726, 'f5a5', 5),
(2727, 'f5a6', 5),
(2728, 'f5a7', 5),
(2729, 'f5a8', 5),
(2730, 'f5a9', 5),
(2731, 'f5a10', 5),
(2732, 'f5a11', 5),
(2733, 'f5a12', 5),
(2734, 'f5a13', 5),
(2735, 'f5a14', 5),
(2736, 'f5a15', 5),
(2737, 'f5a16', 5),
(2738, 'f5a17', 5),
(2739, 'f5a18', 5),
(2740, 'f5a19', 5),
(2741, 'f6a1', 5),
(2742, 'f6a2', 5),
(2743, 'f6a3', 5),
(2744, 'f6a4', 5),
(2745, 'f6a5', 5),
(2746, 'f6a6', 5),
(2747, 'f6a7', 5),
(2748, 'f6a8', 5),
(2749, 'f6a9', 5),
(2750, 'f6a10', 5),
(2751, 'f6a11', 5),
(2752, 'f6a12', 5),
(2753, 'f6a13', 5),
(2754, 'f6a14', 5),
(2755, 'f6a15', 5),
(2756, 'f6a16', 5),
(2757, 'f6a17', 5),
(2758, 'f6a18', 5),
(2759, 'f6a19', 5),
(2760, 'f7a1', 5),
(2761, 'f7a2', 5),
(2762, 'f7a3', 5),
(2763, 'f7a4', 5),
(2764, 'f7a5', 5),
(2765, 'f7a6', 5),
(2766, 'f7a7', 5),
(2767, 'f7a8', 5),
(2768, 'f7a9', 5),
(2769, 'f7a10', 5),
(2770, 'f7a11', 5),
(2771, 'f7a12', 5),
(2772, 'f7a13', 5),
(2773, 'f7a14', 5),
(2774, 'f7a15', 5),
(2775, 'f7a16', 5),
(2776, 'f7a17', 5),
(2777, 'f7a18', 5),
(2778, 'f7a19', 5),
(2779, 'f8a1', 5),
(2780, 'f8a2', 5),
(2781, 'f8a3', 5),
(2782, 'f8a4', 5),
(2783, 'f8a5', 5),
(2784, 'f8a6', 5),
(2785, 'f8a7', 5),
(2786, 'f8a8', 5),
(2787, 'f8a9', 5),
(2788, 'f8a10', 5),
(2789, 'f8a11', 5),
(2790, 'f8a12', 5),
(2791, 'f8a13', 5),
(2792, 'f8a14', 5),
(2793, 'f8a15', 5),
(2794, 'f8a16', 5),
(2795, 'f8a17', 5),
(2796, 'f8a18', 5),
(2797, 'f8a19', 5),
(2798, 'f9a1', 5),
(2799, 'f9a2', 5),
(2800, 'f9a3', 5),
(2801, 'f9a4', 5),
(2802, 'f9a5', 5),
(2803, 'f9a6', 5),
(2804, 'f9a7', 5),
(2805, 'f9a8', 5),
(2806, 'f9a9', 5),
(2807, 'f9a10', 5),
(2808, 'f9a11', 5),
(2809, 'f9a12', 5),
(2810, 'f9a13', 5),
(2811, 'f9a14', 5),
(2812, 'f9a15', 5),
(2813, 'f9a16', 5),
(2814, 'f9a17', 5),
(2815, 'f9a18', 5),
(2816, 'f9a19', 5),
(2817, 'f10a1', 5),
(2818, 'f10a2', 5),
(2819, 'f10a3', 5),
(2820, 'f10a4', 5),
(2821, 'f10a5', 5),
(2822, 'f10a6', 5),
(2823, 'f10a7', 5),
(2824, 'f10a8', 5),
(2825, 'f10a9', 5),
(2826, 'f10a10', 5),
(2827, 'f10a11', 5),
(2828, 'f10a12', 5),
(2829, 'f10a13', 5),
(2830, 'f10a14', 5),
(2831, 'f10a15', 5),
(2832, 'f10a16', 5),
(2833, 'f10a17', 5),
(2834, 'f10a18', 5),
(2835, 'f10a19', 5),
(2836, 'f11a1', 5),
(2837, 'f11a2', 5),
(2838, 'f11a3', 5),
(2839, 'f11a4', 5),
(2840, 'f11a5', 5),
(2841, 'f11a6', 5),
(2842, 'f11a7', 5),
(2843, 'f11a8', 5),
(2844, 'f11a9', 5),
(2845, 'f11a10', 5),
(2846, 'f11a11', 5),
(2847, 'f11a12', 5),
(2848, 'f11a13', 5),
(2849, 'f11a14', 5),
(2850, 'f11a15', 5),
(2851, 'f11a16', 5),
(2852, 'f11a17', 5),
(2853, 'f11a18', 5),
(2854, 'f11a19', 5),
(2855, 'f12a1', 5),
(2856, 'f12a2', 5),
(2857, 'f12a3', 5),
(2858, 'f12a4', 5),
(2859, 'f12a5', 5),
(2860, 'f12a6', 5),
(2861, 'f12a7', 5),
(2862, 'f12a8', 5),
(2863, 'f12a9', 5),
(2864, 'f12a10', 5),
(2865, 'f12a11', 5),
(2866, 'f12a12', 5),
(2867, 'f12a13', 5),
(2868, 'f12a14', 5),
(2869, 'f12a15', 5),
(2870, 'f12a16', 5),
(2871, 'f12a17', 5),
(2872, 'f12a18', 5),
(2873, 'f12a19', 5),
(2874, 'f13a1', 5),
(2875, 'f13a2', 5),
(2876, 'f13a3', 5),
(2877, 'f13a4', 5),
(2878, 'f13a5', 5),
(2879, 'f13a6', 5),
(2880, 'f13a7', 5),
(2881, 'f13a8', 5),
(2882, 'f13a9', 5),
(2883, 'f13a10', 5),
(2884, 'f13a11', 5),
(2885, 'f13a12', 5),
(2886, 'f13a13', 5),
(2887, 'f13a14', 5),
(2888, 'f13a15', 5),
(2889, 'f13a16', 5),
(2890, 'f13a17', 5),
(2891, 'f13a18', 5),
(2892, 'f13a19', 5),
(2893, 'f14a1', 5),
(2894, 'f14a2', 5),
(2895, 'f14a3', 5),
(2896, 'f14a4', 5),
(2897, 'f14a5', 5),
(2898, 'f14a6', 5),
(2899, 'f14a7', 5),
(2900, 'f14a8', 5),
(2901, 'f14a9', 5),
(2902, 'f14a10', 5),
(2903, 'f14a11', 5),
(2904, 'f14a12', 5),
(2905, 'f14a13', 5),
(2906, 'f14a14', 5),
(2907, 'f14a15', 5),
(2908, 'f14a16', 5),
(2909, 'f14a17', 5),
(2910, 'f14a18', 5),
(2911, 'f14a19', 5),
(2912, 'f1a6', 6),
(2913, 'f1a7', 6),
(2914, 'f1a8', 6),
(2915, 'f1a9', 6),
(2916, 'f1a10', 6),
(2917, 'f1a11', 6),
(2918, 'f1a12', 6),
(2919, 'f1a13', 6),
(2920, 'f1a14', 6),
(2921, 'f2a6', 6),
(2922, 'f2a7', 6),
(2923, 'f2a8', 6),
(2924, 'f2a9', 6),
(2925, 'f2a10', 6),
(2926, 'f2a11', 6),
(2927, 'f2a12', 6),
(2928, 'f2a13', 6),
(2929, 'f2a14', 6),
(2930, 'f3a6', 6),
(2931, 'f3a7', 6),
(2932, 'f3a8', 6),
(2933, 'f3a9', 6),
(2934, 'f3a10', 6),
(2935, 'f3a11', 6),
(2936, 'f3a12', 6),
(2937, 'f3a13', 6),
(2938, 'f3a14', 6),
(2939, 'f4a6', 6),
(2940, 'f4a7', 6),
(2941, 'f4a8', 6),
(2942, 'f4a9', 6),
(2943, 'f4a10', 6),
(2944, 'f4a11', 6),
(2945, 'f4a12', 6),
(2946, 'f4a13', 6),
(2947, 'f4a14', 6),
(2948, 'f5a6', 6),
(2949, 'f5a7', 6),
(2950, 'f5a8', 6),
(2951, 'f5a9', 6),
(2952, 'f5a10', 6),
(2953, 'f5a11', 6),
(2954, 'f5a12', 6),
(2955, 'f5a13', 6),
(2956, 'f5a14', 6),
(2957, 'f6a6', 6),
(2958, 'f6a7', 6),
(2959, 'f6a8', 6),
(2960, 'f6a9', 6),
(2961, 'f6a10', 6),
(2962, 'f6a11', 6),
(2963, 'f6a12', 6),
(2964, 'f6a13', 6),
(2965, 'f6a14', 6),
(2966, 'f7a6', 6),
(2967, 'f7a7', 6),
(2968, 'f7a8', 6),
(2969, 'f7a9', 6),
(2970, 'f7a10', 6),
(2971, 'f7a11', 6),
(2972, 'f7a12', 6),
(2973, 'f7a13', 6),
(2974, 'f7a14', 6),
(2975, 'f8a6', 6),
(2976, 'f8a7', 6),
(2977, 'f8a8', 6),
(2978, 'f8a9', 6),
(2979, 'f8a10', 6),
(2980, 'f8a11', 6),
(2981, 'f8a12', 6),
(2982, 'f8a13', 6),
(2983, 'f8a14', 6),
(2984, 'f9a1', 6),
(2985, 'f9a2', 6),
(2986, 'f9a3', 6),
(2987, 'f9a4', 6),
(2988, 'f9a5', 6),
(2989, 'f9a6', 6),
(2990, 'f9a7', 6),
(2991, 'f9a8', 6),
(2992, 'f9a9', 6),
(2993, 'f9a10', 6),
(2994, 'f9a11', 6),
(2995, 'f9a12', 6),
(2996, 'f9a13', 6),
(2997, 'f9a14', 6),
(2998, 'f9a15', 6),
(2999, 'f9a16', 6),
(3000, 'f9a17', 6),
(3001, 'f9a18', 6),
(3002, 'f9a19', 6),
(3003, 'f10a1', 6),
(3004, 'f10a2', 6),
(3005, 'f10a3', 6),
(3006, 'f10a4', 6),
(3007, 'f10a5', 6),
(3008, 'f10a6', 6),
(3009, 'f10a7', 6),
(3010, 'f10a8', 6),
(3011, 'f10a9', 6),
(3012, 'f10a10', 6),
(3013, 'f10a11', 6),
(3014, 'f10a12', 6),
(3015, 'f10a13', 6),
(3016, 'f10a14', 6),
(3017, 'f10a15', 6),
(3018, 'f10a16', 6),
(3019, 'f10a17', 6),
(3020, 'f10a18', 6),
(3021, 'f10a19', 6),
(3022, 'f11a1', 6),
(3023, 'f11a2', 6),
(3024, 'f11a3', 6),
(3025, 'f11a4', 6),
(3026, 'f11a5', 6),
(3027, 'f11a6', 6),
(3028, 'f11a7', 6),
(3029, 'f11a8', 6),
(3030, 'f11a9', 6),
(3031, 'f11a10', 6),
(3032, 'f11a11', 6),
(3033, 'f11a12', 6),
(3034, 'f11a13', 6),
(3035, 'f11a14', 6),
(3036, 'f11a15', 6),
(3037, 'f11a16', 6),
(3038, 'f11a17', 6),
(3039, 'f11a18', 6),
(3040, 'f11a19', 6),
(3041, 'f12a1', 6),
(3042, 'f12a2', 6),
(3043, 'f12a3', 6),
(3044, 'f12a4', 6),
(3045, 'f12a5', 6),
(3046, 'f12a6', 6),
(3047, 'f12a7', 6),
(3048, 'f12a8', 6),
(3049, 'f12a9', 6),
(3050, 'f12a10', 6),
(3051, 'f12a11', 6),
(3052, 'f12a12', 6),
(3053, 'f12a13', 6),
(3054, 'f12a14', 6),
(3055, 'f12a15', 6),
(3056, 'f12a16', 6),
(3057, 'f12a17', 6),
(3058, 'f12a18', 6),
(3059, 'f12a19', 6),
(3060, 'f13a1', 6),
(3061, 'f13a2', 6),
(3062, 'f13a3', 6),
(3063, 'f13a4', 6),
(3064, 'f13a5', 6),
(3065, 'f13a6', 6),
(3066, 'f13a7', 6),
(3067, 'f13a8', 6),
(3068, 'f13a9', 6),
(3069, 'f13a10', 6),
(3070, 'f13a11', 6),
(3071, 'f13a12', 6),
(3072, 'f13a13', 6),
(3073, 'f13a14', 6),
(3074, 'f13a15', 6),
(3075, 'f13a16', 6),
(3076, 'f13a17', 6),
(3077, 'f13a18', 6),
(3078, 'f13a19', 6),
(3079, 'f14a1', 6),
(3080, 'f14a2', 6),
(3081, 'f14a3', 6),
(3082, 'f14a4', 6),
(3083, 'f14a5', 6),
(3084, 'f14a6', 6),
(3085, 'f14a7', 6),
(3086, 'f14a8', 6),
(3087, 'f14a9', 6),
(3088, 'f14a10', 6),
(3089, 'f14a11', 6),
(3090, 'f14a12', 6),
(3091, 'f14a13', 6),
(3092, 'f14a14', 6),
(3093, 'f14a15', 6),
(3094, 'f14a16', 6),
(3095, 'f14a17', 6),
(3096, 'f14a18', 6),
(3097, 'f14a19', 6),
(3098, 'f1a1', 7),
(3099, 'f1a2', 7),
(3100, 'f1a3', 7),
(3101, 'f1a4', 7),
(3102, 'f1a5', 7),
(3103, 'f1a6', 7),
(3104, 'f1a7', 7),
(3105, 'f1a8', 7),
(3106, 'f1a9', 7),
(3107, 'f1a10', 7),
(3108, 'f1a11', 7),
(3109, 'f1a12', 7),
(3110, 'f1a13', 7),
(3111, 'f1a14', 7),
(3112, 'f1a15', 7),
(3113, 'f1a16', 7),
(3114, 'f1a17', 7),
(3115, 'f1a18', 7),
(3116, 'f1a19', 7),
(3117, 'f2a1', 7),
(3118, 'f2a2', 7),
(3119, 'f2a3', 7),
(3120, 'f2a4', 7),
(3121, 'f2a5', 7),
(3122, 'f2a6', 7),
(3123, 'f2a7', 7),
(3124, 'f2a8', 7),
(3125, 'f2a9', 7),
(3126, 'f2a10', 7),
(3127, 'f2a11', 7),
(3128, 'f2a12', 7),
(3129, 'f2a13', 7),
(3130, 'f2a14', 7),
(3131, 'f2a15', 7),
(3132, 'f2a16', 7),
(3133, 'f2a17', 7),
(3134, 'f2a18', 7),
(3135, 'f2a19', 7),
(3136, 'f3a1', 7),
(3137, 'f3a2', 7),
(3138, 'f3a3', 7),
(3139, 'f3a4', 7),
(3140, 'f3a5', 7),
(3141, 'f3a6', 7),
(3142, 'f3a7', 7),
(3143, 'f3a8', 7),
(3144, 'f3a9', 7),
(3145, 'f3a10', 7),
(3146, 'f3a11', 7),
(3147, 'f3a12', 7),
(3148, 'f3a13', 7),
(3149, 'f3a14', 7),
(3150, 'f3a15', 7),
(3151, 'f3a16', 7),
(3152, 'f3a17', 7),
(3153, 'f3a18', 7),
(3154, 'f3a19', 7),
(3155, 'f4a1', 7),
(3156, 'f4a2', 7),
(3157, 'f4a3', 7),
(3158, 'f4a4', 7),
(3159, 'f4a5', 7),
(3160, 'f4a6', 7),
(3161, 'f4a7', 7),
(3162, 'f4a8', 7),
(3163, 'f4a9', 7),
(3164, 'f4a10', 7),
(3165, 'f4a11', 7),
(3166, 'f4a12', 7),
(3167, 'f4a13', 7),
(3168, 'f4a14', 7),
(3169, 'f4a15', 7),
(3170, 'f4a16', 7),
(3171, 'f4a17', 7),
(3172, 'f4a18', 7),
(3173, 'f4a19', 7),
(3174, 'f5a1', 7),
(3175, 'f5a2', 7),
(3176, 'f5a3', 7),
(3177, 'f5a4', 7),
(3178, 'f5a5', 7),
(3179, 'f5a6', 7),
(3180, 'f5a7', 7),
(3181, 'f5a8', 7),
(3182, 'f5a9', 7),
(3183, 'f5a10', 7),
(3184, 'f5a11', 7),
(3185, 'f5a12', 7),
(3186, 'f5a13', 7),
(3187, 'f5a14', 7),
(3188, 'f5a15', 7),
(3189, 'f5a16', 7),
(3190, 'f5a17', 7),
(3191, 'f5a18', 7),
(3192, 'f5a19', 7),
(3193, 'f6a1', 7),
(3194, 'f6a2', 7),
(3195, 'f6a3', 7),
(3196, 'f6a4', 7),
(3197, 'f6a5', 7),
(3198, 'f6a6', 7),
(3199, 'f6a7', 7),
(3200, 'f6a8', 7),
(3201, 'f6a9', 7),
(3202, 'f6a10', 7),
(3203, 'f6a11', 7),
(3204, 'f6a12', 7),
(3205, 'f6a13', 7),
(3206, 'f6a14', 7),
(3207, 'f6a15', 7),
(3208, 'f6a16', 7),
(3209, 'f6a17', 7),
(3210, 'f6a18', 7),
(3211, 'f6a19', 7),
(3212, 'f7a1', 7),
(3213, 'f7a2', 7),
(3214, 'f7a3', 7),
(3215, 'f7a4', 7),
(3216, 'f7a5', 7),
(3217, 'f7a6', 7),
(3218, 'f7a7', 7),
(3219, 'f7a8', 7),
(3220, 'f7a9', 7),
(3221, 'f7a10', 7),
(3222, 'f7a11', 7),
(3223, 'f7a12', 7),
(3224, 'f7a13', 7),
(3225, 'f7a14', 7),
(3226, 'f7a15', 7),
(3227, 'f7a16', 7),
(3228, 'f7a17', 7),
(3229, 'f7a18', 7),
(3230, 'f7a19', 7),
(3231, 'f8a1', 7),
(3232, 'f8a2', 7),
(3233, 'f8a3', 7),
(3234, 'f8a4', 7),
(3235, 'f8a5', 7),
(3236, 'f8a6', 7),
(3237, 'f8a7', 7),
(3238, 'f8a8', 7),
(3239, 'f8a9', 7),
(3240, 'f8a10', 7),
(3241, 'f8a11', 7),
(3242, 'f8a12', 7),
(3243, 'f8a13', 7),
(3244, 'f8a14', 7),
(3245, 'f8a15', 7),
(3246, 'f8a16', 7),
(3247, 'f8a17', 7),
(3248, 'f8a18', 7),
(3249, 'f8a19', 7),
(3250, 'f9a1', 7),
(3251, 'f9a2', 7),
(3252, 'f9a3', 7),
(3253, 'f9a4', 7),
(3254, 'f9a5', 7),
(3255, 'f9a6', 7),
(3256, 'f9a7', 7),
(3257, 'f9a8', 7),
(3258, 'f9a9', 7),
(3259, 'f9a10', 7),
(3260, 'f9a11', 7),
(3261, 'f9a12', 7),
(3262, 'f9a13', 7),
(3263, 'f9a14', 7),
(3264, 'f9a15', 7),
(3265, 'f9a16', 7),
(3266, 'f9a17', 7),
(3267, 'f9a18', 7),
(3268, 'f9a19', 7),
(3269, 'f10a1', 7),
(3270, 'f10a2', 7),
(3271, 'f10a3', 7),
(3272, 'f10a4', 7),
(3273, 'f10a5', 7),
(3274, 'f10a6', 7),
(3275, 'f10a7', 7),
(3276, 'f10a8', 7),
(3277, 'f10a9', 7),
(3278, 'f10a10', 7),
(3279, 'f10a11', 7),
(3280, 'f10a12', 7),
(3281, 'f10a13', 7),
(3282, 'f10a14', 7),
(3283, 'f10a15', 7),
(3284, 'f10a16', 7),
(3285, 'f10a17', 7),
(3286, 'f10a18', 7),
(3287, 'f10a19', 7),
(3288, 'f11a1', 7),
(3289, 'f11a2', 7),
(3290, 'f11a3', 7),
(3291, 'f11a4', 7),
(3292, 'f11a5', 7),
(3293, 'f11a6', 7),
(3294, 'f11a7', 7),
(3295, 'f11a8', 7),
(3296, 'f11a9', 7),
(3297, 'f11a10', 7),
(3298, 'f11a11', 7),
(3299, 'f11a12', 7),
(3300, 'f11a13', 7),
(3301, 'f11a14', 7),
(3302, 'f11a15', 7),
(3303, 'f11a16', 7),
(3304, 'f11a17', 7),
(3305, 'f11a18', 7),
(3306, 'f11a19', 7),
(3307, 'f12a1', 7),
(3308, 'f12a2', 7),
(3309, 'f12a3', 7),
(3310, 'f12a4', 7),
(3311, 'f12a5', 7),
(3312, 'f12a6', 7),
(3313, 'f12a7', 7),
(3314, 'f12a8', 7),
(3315, 'f12a9', 7),
(3316, 'f12a10', 7),
(3317, 'f12a11', 7),
(3318, 'f12a12', 7),
(3319, 'f12a13', 7),
(3320, 'f12a14', 7),
(3321, 'f12a15', 7),
(3322, 'f12a16', 7),
(3323, 'f12a17', 7),
(3324, 'f12a18', 7),
(3325, 'f12a19', 7),
(3326, 'f13a1', 7),
(3327, 'f13a2', 7),
(3328, 'f13a3', 7),
(3329, 'f13a4', 7),
(3330, 'f13a5', 7),
(3331, 'f13a6', 7),
(3332, 'f13a7', 7),
(3333, 'f13a8', 7),
(3334, 'f13a9', 7),
(3335, 'f13a10', 7),
(3336, 'f13a11', 7),
(3337, 'f13a12', 7),
(3338, 'f13a13', 7),
(3339, 'f13a14', 7),
(3340, 'f13a15', 7),
(3341, 'f13a16', 7),
(3342, 'f13a17', 7),
(3343, 'f13a18', 7),
(3344, 'f13a19', 7),
(3345, 'f14a1', 7),
(3346, 'f14a2', 7),
(3347, 'f14a3', 7),
(3348, 'f14a4', 7),
(3349, 'f14a5', 7),
(3350, 'f14a6', 7),
(3351, 'f14a7', 7),
(3352, 'f14a8', 7),
(3353, 'f14a9', 7),
(3354, 'f14a10', 7),
(3355, 'f14a11', 7),
(3356, 'f14a12', 7),
(3357, 'f14a13', 7),
(3358, 'f14a14', 7),
(3359, 'f14a15', 7),
(3360, 'f14a16', 7),
(3361, 'f14a17', 7),
(3362, 'f14a18', 7),
(3363, 'f14a19', 7),
(3364, 'f1a1', 8),
(3365, 'f1a2', 8),
(3366, 'f1a3', 8),
(3367, 'f1a4', 8),
(3368, 'f1a5', 8),
(3369, 'f1a6', 8),
(3370, 'f1a7', 8),
(3371, 'f1a8', 8),
(3372, 'f1a9', 8),
(3373, 'f1a10', 8),
(3374, 'f1a11', 8),
(3375, 'f1a12', 8),
(3376, 'f1a13', 8),
(3377, 'f1a14', 8),
(3378, 'f1a15', 8),
(3379, 'f1a16', 8),
(3380, 'f1a17', 8),
(3381, 'f1a18', 8),
(3382, 'f1a19', 8),
(3383, 'f2a1', 8),
(3384, 'f2a2', 8),
(3385, 'f2a3', 8),
(3386, 'f2a4', 8),
(3387, 'f2a5', 8),
(3388, 'f2a6', 8),
(3389, 'f2a7', 8),
(3390, 'f2a8', 8),
(3391, 'f2a9', 8),
(3392, 'f2a10', 8),
(3393, 'f2a11', 8),
(3394, 'f2a12', 8),
(3395, 'f2a13', 8),
(3396, 'f2a14', 8),
(3397, 'f2a15', 8),
(3398, 'f2a16', 8),
(3399, 'f2a17', 8),
(3400, 'f2a18', 8),
(3401, 'f2a19', 8),
(3402, 'f3a1', 8),
(3403, 'f3a2', 8),
(3404, 'f3a3', 8),
(3405, 'f3a4', 8),
(3406, 'f3a5', 8),
(3407, 'f3a6', 8),
(3408, 'f3a7', 8),
(3409, 'f3a8', 8),
(3410, 'f3a9', 8),
(3411, 'f3a10', 8),
(3412, 'f3a11', 8),
(3413, 'f3a12', 8),
(3414, 'f3a13', 8),
(3415, 'f3a14', 8),
(3416, 'f3a15', 8),
(3417, 'f3a16', 8),
(3418, 'f3a17', 8),
(3419, 'f3a18', 8),
(3420, 'f3a19', 8),
(3421, 'f4a1', 8),
(3422, 'f4a2', 8),
(3423, 'f4a3', 8),
(3424, 'f4a4', 8),
(3425, 'f4a5', 8),
(3426, 'f4a6', 8),
(3427, 'f4a7', 8),
(3428, 'f4a8', 8),
(3429, 'f4a9', 8),
(3430, 'f4a10', 8),
(3431, 'f4a11', 8),
(3432, 'f4a12', 8),
(3433, 'f4a13', 8),
(3434, 'f4a14', 8),
(3435, 'f4a15', 8),
(3436, 'f4a16', 8),
(3437, 'f4a17', 8),
(3438, 'f4a18', 8),
(3439, 'f4a19', 8),
(3440, 'f5a1', 8),
(3441, 'f5a2', 8),
(3442, 'f5a3', 8),
(3443, 'f5a4', 8),
(3444, 'f5a5', 8),
(3445, 'f5a6', 8),
(3446, 'f5a7', 8),
(3447, 'f5a8', 8),
(3448, 'f5a9', 8),
(3449, 'f5a10', 8),
(3450, 'f5a11', 8),
(3451, 'f5a12', 8),
(3452, 'f5a13', 8),
(3453, 'f5a14', 8),
(3454, 'f5a15', 8),
(3455, 'f5a16', 8),
(3456, 'f5a17', 8),
(3457, 'f5a18', 8),
(3458, 'f5a19', 8),
(3459, 'f6a1', 8),
(3460, 'f6a2', 8),
(3461, 'f6a3', 8),
(3462, 'f6a4', 8),
(3463, 'f6a5', 8),
(3464, 'f6a6', 8),
(3465, 'f6a7', 8),
(3466, 'f6a8', 8),
(3467, 'f6a9', 8),
(3468, 'f6a10', 8),
(3469, 'f6a11', 8),
(3470, 'f6a12', 8),
(3471, 'f6a13', 8),
(3472, 'f6a14', 8),
(3473, 'f6a15', 8),
(3474, 'f6a16', 8),
(3475, 'f6a17', 8),
(3476, 'f6a18', 8),
(3477, 'f6a19', 8),
(3478, 'f7a1', 8),
(3479, 'f7a2', 8),
(3480, 'f7a3', 8),
(3481, 'f7a4', 8),
(3482, 'f7a5', 8),
(3483, 'f7a6', 8),
(3484, 'f7a7', 8),
(3485, 'f7a8', 8),
(3486, 'f7a9', 8),
(3487, 'f7a10', 8),
(3488, 'f7a11', 8),
(3489, 'f7a12', 8),
(3490, 'f7a13', 8),
(3491, 'f7a14', 8),
(3492, 'f7a15', 8),
(3493, 'f7a16', 8),
(3494, 'f7a17', 8),
(3495, 'f7a18', 8),
(3496, 'f7a19', 8),
(3497, 'f8a1', 8),
(3498, 'f8a2', 8),
(3499, 'f8a3', 8),
(3500, 'f8a4', 8),
(3501, 'f8a5', 8),
(3502, 'f8a6', 8),
(3503, 'f8a7', 8),
(3504, 'f8a8', 8),
(3505, 'f8a9', 8),
(3506, 'f8a10', 8),
(3507, 'f8a11', 8),
(3508, 'f8a12', 8),
(3509, 'f8a13', 8),
(3510, 'f8a14', 8),
(3511, 'f8a15', 8),
(3512, 'f8a16', 8),
(3513, 'f8a17', 8),
(3514, 'f8a18', 8),
(3515, 'f8a19', 8),
(3516, 'f9a1', 8),
(3517, 'f9a2', 8),
(3518, 'f9a3', 8),
(3519, 'f9a4', 8),
(3520, 'f9a5', 8),
(3521, 'f9a6', 8),
(3522, 'f9a7', 8),
(3523, 'f9a8', 8),
(3524, 'f9a9', 8),
(3525, 'f9a10', 8),
(3526, 'f9a11', 8),
(3527, 'f9a12', 8),
(3528, 'f9a13', 8),
(3529, 'f9a14', 8),
(3530, 'f9a15', 8),
(3531, 'f9a16', 8),
(3532, 'f9a17', 8),
(3533, 'f9a18', 8),
(3534, 'f9a19', 8),
(3535, 'f10a1', 8),
(3536, 'f10a2', 8),
(3537, 'f10a3', 8),
(3538, 'f10a4', 8),
(3539, 'f10a5', 8),
(3540, 'f10a6', 8),
(3541, 'f10a7', 8),
(3542, 'f10a8', 8),
(3543, 'f10a9', 8),
(3544, 'f10a10', 8),
(3545, 'f10a11', 8),
(3546, 'f10a12', 8),
(3547, 'f10a13', 8),
(3548, 'f10a14', 8),
(3549, 'f10a15', 8),
(3550, 'f10a16', 8),
(3551, 'f10a17', 8),
(3552, 'f10a18', 8),
(3553, 'f10a19', 8),
(3554, 'f11a1', 8),
(3555, 'f11a2', 8),
(3556, 'f11a3', 8),
(3557, 'f11a4', 8),
(3558, 'f11a5', 8),
(3559, 'f11a6', 8),
(3560, 'f11a7', 8),
(3561, 'f11a8', 8),
(3562, 'f11a9', 8),
(3563, 'f11a10', 8),
(3564, 'f11a11', 8),
(3565, 'f11a12', 8),
(3566, 'f11a13', 8),
(3567, 'f11a14', 8),
(3568, 'f11a15', 8),
(3569, 'f11a16', 8),
(3570, 'f11a17', 8),
(3571, 'f11a18', 8),
(3572, 'f11a19', 8),
(3573, 'f12a1', 8),
(3574, 'f12a2', 8),
(3575, 'f12a3', 8),
(3576, 'f12a4', 8),
(3577, 'f12a5', 8),
(3578, 'f12a6', 8),
(3579, 'f12a7', 8),
(3580, 'f12a8', 8),
(3581, 'f12a9', 8),
(3582, 'f12a10', 8),
(3583, 'f12a11', 8),
(3584, 'f12a12', 8),
(3585, 'f12a13', 8),
(3586, 'f12a14', 8),
(3587, 'f12a15', 8),
(3588, 'f12a16', 8),
(3589, 'f12a17', 8),
(3590, 'f12a18', 8),
(3591, 'f12a19', 8),
(3592, 'f13a1', 8),
(3593, 'f13a2', 8),
(3594, 'f13a3', 8),
(3595, 'f13a4', 8),
(3596, 'f13a5', 8),
(3597, 'f13a6', 8),
(3598, 'f13a7', 8),
(3599, 'f13a8', 8),
(3600, 'f13a9', 8),
(3601, 'f13a10', 8),
(3602, 'f13a11', 8),
(3603, 'f13a12', 8),
(3604, 'f13a13', 8),
(3605, 'f13a14', 8),
(3606, 'f13a15', 8),
(3607, 'f13a16', 8),
(3608, 'f13a17', 8),
(3609, 'f13a18', 8),
(3610, 'f13a19', 8),
(3611, 'f14a1', 8),
(3612, 'f14a2', 8),
(3613, 'f14a3', 8),
(3614, 'f14a4', 8),
(3615, 'f14a5', 8),
(3616, 'f14a6', 8),
(3617, 'f14a7', 8),
(3618, 'f14a8', 8),
(3619, 'f14a9', 8),
(3620, 'f14a10', 8),
(3621, 'f14a11', 8),
(3622, 'f14a12', 8),
(3623, 'f14a13', 8),
(3624, 'f14a14', 8),
(3625, 'f14a15', 8),
(3626, 'f14a16', 8),
(3627, 'f14a17', 8),
(3628, 'f14a18', 8),
(3629, 'f14a19', 8),
(3630, 'f1a6', 9),
(3631, 'f1a7', 9),
(3632, 'f1a8', 9),
(3633, 'f1a9', 9),
(3634, 'f1a10', 9),
(3635, 'f1a11', 9),
(3636, 'f1a12', 9),
(3637, 'f1a13', 9),
(3638, 'f1a14', 9),
(3639, 'f2a6', 9),
(3640, 'f2a7', 9),
(3641, 'f2a8', 9),
(3642, 'f2a9', 9),
(3643, 'f2a10', 9),
(3644, 'f2a11', 9),
(3645, 'f2a12', 9),
(3646, 'f2a13', 9),
(3647, 'f2a14', 9),
(3648, 'f3a6', 9),
(3649, 'f3a7', 9),
(3650, 'f3a8', 9),
(3651, 'f3a9', 9),
(3652, 'f3a10', 9),
(3653, 'f3a11', 9),
(3654, 'f3a12', 9),
(3655, 'f3a13', 9),
(3656, 'f3a14', 9),
(3657, 'f4a6', 9),
(3658, 'f4a7', 9),
(3659, 'f4a8', 9),
(3660, 'f4a9', 9),
(3661, 'f4a10', 9),
(3662, 'f4a11', 9),
(3663, 'f4a12', 9),
(3664, 'f4a13', 9),
(3665, 'f4a14', 9),
(3666, 'f5a6', 9),
(3667, 'f5a7', 9),
(3668, 'f5a8', 9),
(3669, 'f5a9', 9),
(3670, 'f5a10', 9),
(3671, 'f5a11', 9),
(3672, 'f5a12', 9),
(3673, 'f5a13', 9),
(3674, 'f5a14', 9),
(3675, 'f6a6', 9),
(3676, 'f6a7', 9),
(3677, 'f6a8', 9),
(3678, 'f6a9', 9),
(3679, 'f6a10', 9),
(3680, 'f6a11', 9),
(3681, 'f6a12', 9),
(3682, 'f6a13', 9),
(3683, 'f6a14', 9),
(3684, 'f7a6', 9),
(3685, 'f7a7', 9),
(3686, 'f7a8', 9),
(3687, 'f7a9', 9),
(3688, 'f7a10', 9),
(3689, 'f7a11', 9),
(3690, 'f7a12', 9),
(3691, 'f7a13', 9),
(3692, 'f7a14', 9),
(3693, 'f8a6', 9),
(3694, 'f8a7', 9),
(3695, 'f8a8', 9),
(3696, 'f8a9', 9),
(3697, 'f8a10', 9),
(3698, 'f8a11', 9),
(3699, 'f8a12', 9),
(3700, 'f8a13', 9),
(3701, 'f8a14', 9),
(3702, 'f9a1', 9),
(3703, 'f9a2', 9),
(3704, 'f9a3', 9),
(3705, 'f9a4', 9),
(3706, 'f9a5', 9),
(3707, 'f9a6', 9),
(3708, 'f9a7', 9),
(3709, 'f9a8', 9),
(3710, 'f9a9', 9),
(3711, 'f9a10', 9),
(3712, 'f9a11', 9),
(3713, 'f9a12', 9),
(3714, 'f9a13', 9),
(3715, 'f9a14', 9),
(3716, 'f9a15', 9),
(3717, 'f9a16', 9),
(3718, 'f9a17', 9),
(3719, 'f9a18', 9),
(3720, 'f9a19', 9),
(3721, 'f10a1', 9),
(3722, 'f10a2', 9),
(3723, 'f10a3', 9),
(3724, 'f10a4', 9),
(3725, 'f10a5', 9),
(3726, 'f10a6', 9),
(3727, 'f10a7', 9),
(3728, 'f10a8', 9),
(3729, 'f10a9', 9),
(3730, 'f10a10', 9),
(3731, 'f10a11', 9),
(3732, 'f10a12', 9),
(3733, 'f10a13', 9),
(3734, 'f10a14', 9),
(3735, 'f10a15', 9),
(3736, 'f10a16', 9),
(3737, 'f10a17', 9),
(3738, 'f10a18', 9),
(3739, 'f10a19', 9),
(3740, 'f11a1', 9),
(3741, 'f11a2', 9),
(3742, 'f11a3', 9),
(3743, 'f11a4', 9),
(3744, 'f11a5', 9),
(3745, 'f11a6', 9),
(3746, 'f11a7', 9),
(3747, 'f11a8', 9),
(3748, 'f11a9', 9),
(3749, 'f11a10', 9),
(3750, 'f11a11', 9),
(3751, 'f11a12', 9),
(3752, 'f11a13', 9),
(3753, 'f11a14', 9),
(3754, 'f11a15', 9),
(3755, 'f11a16', 9),
(3756, 'f11a17', 9),
(3757, 'f11a18', 9),
(3758, 'f11a19', 9),
(3759, 'f12a1', 9),
(3760, 'f12a2', 9),
(3761, 'f12a3', 9),
(3762, 'f12a4', 9),
(3763, 'f12a5', 9),
(3764, 'f12a6', 9),
(3765, 'f12a7', 9),
(3766, 'f12a8', 9),
(3767, 'f12a9', 9),
(3768, 'f12a10', 9),
(3769, 'f12a11', 9),
(3770, 'f12a12', 9),
(3771, 'f12a13', 9),
(3772, 'f12a14', 9),
(3773, 'f12a15', 9),
(3774, 'f12a16', 9),
(3775, 'f12a17', 9),
(3776, 'f12a18', 9),
(3777, 'f12a19', 9),
(3778, 'f13a1', 9),
(3779, 'f13a2', 9),
(3780, 'f13a3', 9),
(3781, 'f13a4', 9),
(3782, 'f13a5', 9),
(3783, 'f13a6', 9),
(3784, 'f13a7', 9),
(3785, 'f13a8', 9),
(3786, 'f13a9', 9),
(3787, 'f13a10', 9),
(3788, 'f13a11', 9),
(3789, 'f13a12', 9),
(3790, 'f13a13', 9),
(3791, 'f13a14', 9),
(3792, 'f13a15', 9),
(3793, 'f13a16', 9),
(3794, 'f13a17', 9),
(3795, 'f13a18', 9),
(3796, 'f13a19', 9),
(3797, 'f14a1', 9),
(3798, 'f14a2', 9),
(3799, 'f14a3', 9),
(3800, 'f14a4', 9),
(3801, 'f14a5', 9),
(3802, 'f14a6', 9),
(3803, 'f14a7', 9),
(3804, 'f14a8', 9),
(3805, 'f14a9', 9),
(3806, 'f14a10', 9),
(3807, 'f14a11', 9),
(3808, 'f14a12', 9),
(3809, 'f14a13', 9),
(3810, 'f14a14', 9),
(3811, 'f14a15', 9),
(3812, 'f14a16', 9),
(3813, 'f14a17', 9),
(3814, 'f14a18', 9),
(3815, 'f14a19', 9);

-- --------------------------------------------------------

--
-- Estructura de tabla para la tabla `asientosbloqueados`
--

CREATE TABLE IF NOT EXISTS `asientosbloqueados` (
  `id` int(11) unsigned NOT NULL,
  `id_asiento` int(11) unsigned DEFAULT NULL,
  `id_sesion` int(11) unsigned DEFAULT NULL,
  `hora` datetime DEFAULT NULL,
  `id_usuario` int(11) unsigned DEFAULT NULL
) ENGINE=InnoDB AUTO_INCREMENT=6 DEFAULT CHARSET=utf8mb4 COLLATE=utf8mb4_unicode_ci;

--
-- Volcado de datos para la tabla `asientosbloqueados`
--

INSERT INTO `asientosbloqueados` (`id`, `id_asiento`, `id_sesion`, `hora`, `id_usuario`) VALUES
(1, 1843, 1, '2016-06-14 14:57:57', 19936),
(2, 2193, 51, '2016-06-14 14:58:18', 3212),
(3, 2192, 51, '2016-06-14 14:58:26', 3212),
(4, 2294, 98, '2016-06-14 14:58:44', 8232),
(5, 2293, 98, '2016-06-14 14:58:49', 8232);

-- --------------------------------------------------------

--
-- Estructura de tabla para la tabla `cartelera`
--

CREATE TABLE IF NOT EXISTS `cartelera` (
  `id` int(11) unsigned NOT NULL,
  `pelicula_id` int(11) unsigned DEFAULT NULL
) ENGINE=InnoDB AUTO_INCREMENT=9 DEFAULT CHARSET=utf8mb4 COLLATE=utf8mb4_unicode_ci;

--
-- Volcado de datos para la tabla `cartelera`
--

INSERT INTO `cartelera` (`id`, `pelicula_id`) VALUES
(3, NULL),
(4, NULL),
(1, 1),
(2, 2),
(5, 5),
(6, 6),
(7, 7),
(8, 8);

-- --------------------------------------------------------

--
-- Estructura de tabla para la tabla `configuracion`
--

CREATE TABLE IF NOT EXISTS `configuracion` (
  `id` int(11) unsigned NOT NULL,
  `precio` double DEFAULT NULL,
  `tiemporecarga` double DEFAULT NULL
) ENGINE=InnoDB AUTO_INCREMENT=2 DEFAULT CHARSET=utf8mb4 COLLATE=utf8mb4_unicode_ci;

--
-- Volcado de datos para la tabla `configuracion`
--

INSERT INTO `configuracion` (`id`, `precio`, `tiemporecarga`) VALUES
(1, 6.9, 1500);

-- --------------------------------------------------------

--
-- Estructura de tabla para la tabla `entradareserva`
--

CREATE TABLE IF NOT EXISTS `entradareserva` (
  `id` int(11) unsigned NOT NULL,
  `fecha` datetime DEFAULT NULL,
  `asientos_id` int(11) unsigned DEFAULT NULL,
  `sala_id` int(11) unsigned DEFAULT NULL,
  `sesion_id` int(11) unsigned DEFAULT NULL,
  `precio` double DEFAULT NULL
) ENGINE=InnoDB AUTO_INCREMENT=30 DEFAULT CHARSET=utf8mb4 COLLATE=utf8mb4_unicode_ci;

--
-- Volcado de datos para la tabla `entradareserva`
--

INSERT INTO `entradareserva` (`id`, `fecha`, `asientos_id`, `sala_id`, `sesion_id`, `precio`) VALUES
(6, '2016-05-07 10:04:02', NULL, 1, NULL, 6.7),
(7, '2016-05-07 10:04:02', NULL, 1, NULL, 6.7),
(8, '2016-05-07 10:04:02', NULL, 1, NULL, 6.7),
(9, '2016-05-07 10:05:37', NULL, 1, NULL, 6.7),
(10, '2016-05-07 10:05:37', NULL, 1, NULL, 6.7),
(11, '2016-05-07 10:06:11', NULL, 1, NULL, 6.7),
(12, '2016-05-07 10:06:21', NULL, 1, NULL, 6.7),
(13, '2016-05-07 10:08:09', NULL, 1, NULL, 6.7),
(14, '2016-05-07 10:08:09', NULL, 1, NULL, 6.7),
(15, '2016-05-07 10:08:09', NULL, 1, NULL, 6.7),
(16, '2016-05-07 10:08:09', NULL, 1, NULL, 6.7),
(17, '2016-05-07 10:08:09', NULL, 1, NULL, 6.7),
(18, '2016-05-08 11:51:11', NULL, 2, NULL, 6.7),
(19, '2016-05-08 11:51:11', NULL, 2, NULL, 6.7),
(20, '2016-05-08 11:51:11', NULL, 2, NULL, 6.7),
(21, '2016-06-04 19:59:04', 2202, 3, NULL, 6.7),
(22, '2016-06-04 19:59:04', 2201, 3, NULL, 6.7),
(23, '2016-06-04 19:59:04', 2199, 3, NULL, 6.7),
(24, '2016-06-07 11:37:06', 1901, 1, NULL, 6.9),
(25, '2016-06-14 14:58:04', 1843, 1, NULL, 6.9),
(26, '2016-06-14 14:58:32', 2193, 2, NULL, 6.9),
(27, '2016-06-14 14:58:32', 2192, 2, NULL, 6.9),
(28, '2016-06-14 14:58:56', 2294, 3, NULL, 6.9),
(29, '2016-06-14 14:58:56', 2293, 3, NULL, 6.9);

-- --------------------------------------------------------

--
-- Estructura de tabla para la tabla `entradareserva_factura`
--

CREATE TABLE IF NOT EXISTS `entradareserva_factura` (
  `id` int(11) unsigned NOT NULL,
  `factura_id` int(11) unsigned DEFAULT NULL,
  `entradareserva_id` int(11) unsigned DEFAULT NULL
) ENGINE=InnoDB AUTO_INCREMENT=29 DEFAULT CHARSET=utf8mb4 COLLATE=utf8mb4_unicode_ci;

--
-- Volcado de datos para la tabla `entradareserva_factura`
--

INSERT INTO `entradareserva_factura` (`id`, `factura_id`, `entradareserva_id`) VALUES
(5, 6, 6),
(6, 6, 7),
(7, 6, 8),
(8, 7, 9),
(9, 7, 10),
(10, 8, 11),
(11, 9, 12),
(12, 10, 13),
(13, 10, 14),
(14, 10, 15),
(15, 10, 16),
(16, 10, 17),
(17, 11, 18),
(18, 11, 19),
(19, 11, 20),
(20, 12, 21),
(21, 12, 22),
(22, 12, 23),
(23, 13, 24),
(24, 14, 25),
(25, 15, 26),
(26, 15, 27),
(27, 16, 28),
(28, 16, 29);

-- --------------------------------------------------------

--
-- Estructura de tabla para la tabla `factura`
--

CREATE TABLE IF NOT EXISTS `factura` (
  `id` int(11) unsigned NOT NULL,
  `usuario_id` int(11) unsigned DEFAULT NULL
) ENGINE=InnoDB AUTO_INCREMENT=17 DEFAULT CHARSET=utf8mb4 COLLATE=utf8mb4_unicode_ci;

--
-- Volcado de datos para la tabla `factura`
--

INSERT INTO `factura` (`id`, `usuario_id`) VALUES
(3, 1),
(4, 1),
(5, 1),
(6, 1),
(7, 1),
(8, 1),
(9, 1),
(10, 1),
(14, 57),
(15, 57),
(16, 57),
(11, 65),
(12, 65),
(13, 65);

-- --------------------------------------------------------

--
-- Estructura de tabla para la tabla `incidencias`
--

CREATE TABLE IF NOT EXISTS `incidencias` (
  `id` int(11) unsigned NOT NULL,
  `uniqid` varchar(191) COLLATE utf8mb4_unicode_ci DEFAULT NULL,
  `problema` varchar(191) COLLATE utf8mb4_unicode_ci DEFAULT NULL,
  `fecha_incidencia` datetime DEFAULT NULL,
  `estado` varchar(191) COLLATE utf8mb4_unicode_ci DEFAULT NULL,
  `usuario_id` int(11) unsigned DEFAULT NULL
) ENGINE=InnoDB AUTO_INCREMENT=5 DEFAULT CHARSET=utf8mb4 COLLATE=utf8mb4_unicode_ci;

--
-- Volcado de datos para la tabla `incidencias`
--

INSERT INTO `incidencias` (`id`, `uniqid`, `problema`, `fecha_incidencia`, `estado`, `usuario_id`) VALUES
(1, '57553b6641bd3', 'asdddd', '2016-06-06 10:59:18', 'activa', 65),
(2, '57553b715b48e', 'asdddd', '2016-06-06 10:59:29', 'activa', 65),
(3, '57553b7c64f5e', 'asddddd', '2016-06-06 10:59:40', 'activa', 65),
(4, '57553b8eeb7f3', 'sdd', '2016-06-06 10:59:58', 'activa', 65);

-- --------------------------------------------------------

--
-- Estructura de tabla para la tabla `mensajes`
--

CREATE TABLE IF NOT EXISTS `mensajes` (
  `id` int(11) unsigned NOT NULL,
  `mensaje` varchar(191) COLLATE utf8mb4_unicode_ci DEFAULT NULL,
  `remitente` varchar(191) COLLATE utf8mb4_unicode_ci DEFAULT NULL,
  `fecha_hora` datetime DEFAULT NULL,
  `remitente_id` int(11) unsigned DEFAULT NULL,
  `incidencia_id` int(11) unsigned DEFAULT NULL
) ENGINE=InnoDB AUTO_INCREMENT=6 DEFAULT CHARSET=utf8mb4 COLLATE=utf8mb4_unicode_ci;

--
-- Volcado de datos para la tabla `mensajes`
--

INSERT INTO `mensajes` (`id`, `mensaje`, `remitente`, `fecha_hora`, `remitente_id`, `incidencia_id`) VALUES
(1, 'sadsas', 'isma.sanfer.94@gmail.com', '2016-06-06 10:59:18', 65, 1),
(2, 'sadsas', 'isma.sanfer.94@gmail.com', '2016-06-06 10:59:29', 65, 2),
(3, 'sadsas', 'isma.sanfer.94@gmail.com', '2016-06-06 10:59:40', 65, 3),
(4, 'aaaa', 'isma.sanfer.94@gmail.com', '2016-06-06 10:59:58', 65, 4),
(5, 'assdas', 'soporte', '2016-06-06 11:00:30', 65, 1);

-- --------------------------------------------------------

--
-- Estructura de tabla para la tabla `pelicula`
--

CREATE TABLE IF NOT EXISTS `pelicula` (
  `id` int(11) unsigned NOT NULL,
  `titulo` varchar(191) COLLATE utf8mb4_unicode_ci DEFAULT NULL,
  `director` varchar(191) COLLATE utf8mb4_unicode_ci DEFAULT NULL,
  `ruta` varchar(191) COLLATE utf8mb4_unicode_ci DEFAULT NULL,
  `duracion` varchar(191) COLLATE utf8mb4_unicode_ci DEFAULT NULL
) ENGINE=InnoDB AUTO_INCREMENT=9 DEFAULT CHARSET=utf8mb4 COLLATE=utf8mb4_unicode_ci;

--
-- Volcado de datos para la tabla `pelicula`
--

INSERT INTO `pelicula` (`id`, `titulo`, `director`, `ruta`, `duracion`) VALUES
(1, 'Batman', 'qqqqqqqaa', 'localhost://dsasa.txt', '202'),
(2, 'El señor de los anillos', 'Director Señor', 'rutaa', '190'),
(5, 'Escuadrón suicida', 'David Ayer', NULL, '121'),
(6, 'Warcraft', 'David Ayer', NULL, '124'),
(7, 'Civil War', 'Anthony Russo, Joe Russo', NULL, '148'),
(8, 'Ninja Turtles 2', 'Dave Green	', NULL, '112');

-- --------------------------------------------------------

--
-- Estructura de tabla para la tabla `sala`
--

CREATE TABLE IF NOT EXISTS `sala` (
  `id` int(11) unsigned NOT NULL,
  `tipo` varchar(191) COLLATE utf8mb4_unicode_ci DEFAULT NULL
) ENGINE=InnoDB AUTO_INCREMENT=12 DEFAULT CHARSET=utf8mb4 COLLATE=utf8mb4_unicode_ci;

--
-- Volcado de datos para la tabla `sala`
--

INSERT INTO `sala` (`id`, `tipo`) VALUES
(1, 'A'),
(2, 'B'),
(3, 'C'),
(4, 'A'),
(5, 'B'),
(6, 'C'),
(7, 'A'),
(8, 'B'),
(9, 'C');

-- --------------------------------------------------------

--
-- Estructura de tabla para la tabla `sesion`
--

CREATE TABLE IF NOT EXISTS `sesion` (
  `id` int(11) unsigned NOT NULL,
  `hora` datetime DEFAULT NULL,
  `pelicula_id` int(11) unsigned DEFAULT NULL,
  `sala_id` int(11) unsigned DEFAULT NULL
) ENGINE=InnoDB AUTO_INCREMENT=654 DEFAULT CHARSET=utf8mb4 COLLATE=utf8mb4_unicode_ci;

--
-- Volcado de datos para la tabla `sesion`
--

INSERT INTO `sesion` (`id`, `hora`, `pelicula_id`, `sala_id`) VALUES
(145, '2016-06-15 16:00:00', 1, 1),
(146, '2016-06-15 18:00:00', 1, 1),
(147, '2016-06-15 22:00:00', 1, 1),
(148, '2016-06-16 16:00:00', 1, 1),
(149, '2016-06-16 18:00:00', 1, 1),
(150, '2016-06-16 22:00:00', 1, 1),
(151, '2016-06-17 18:00:00', 1, 1),
(152, '2016-06-17 21:00:00', 1, 1),
(153, '2016-06-17 23:00:00', 1, 1),
(154, '2016-06-18 18:00:00', 1, 1),
(155, '2016-06-18 21:00:00', 1, 1),
(156, '2016-06-18 23:00:00', 1, 1),
(157, '2016-06-19 21:00:00', 1, 1),
(158, '2016-06-19 23:00:00', 1, 1),
(159, '2016-06-20 21:00:00', 1, 1),
(160, '2016-06-20 23:00:00', 1, 1),
(161, '2016-06-21 21:00:00', 1, 1),
(162, '2016-06-21 23:00:00', 1, 1),
(163, '2016-06-22 17:00:00', 1, 1),
(164, '2016-06-22 19:00:00', 1, 1),
(165, '2016-06-22 22:00:00', 1, 1),
(166, '2016-06-23 17:00:00', 1, 1),
(167, '2016-06-23 19:00:00', 1, 1),
(168, '2016-06-23 22:00:00', 1, 1),
(169, '2016-06-24 17:00:00', 1, 1),
(170, '2016-06-24 19:00:00', 1, 1),
(171, '2016-06-24 22:00:00', 1, 1),
(172, '2016-06-25 17:00:00', 1, 1),
(173, '2016-06-25 19:00:00', 1, 1),
(174, '2016-06-25 22:00:00', 1, 1),
(175, '2016-06-26 18:00:00', 1, 1),
(176, '2016-06-26 21:00:00', 1, 1),
(177, '2016-06-26 23:00:00', 1, 1),
(178, '2016-06-27 18:00:00', 1, 1),
(179, '2016-06-27 21:00:00', 1, 1),
(180, '2016-06-27 23:00:00', 1, 1),
(181, '2016-06-28 18:00:00', 1, 1),
(182, '2016-06-28 21:00:00', 1, 1),
(183, '2016-06-28 23:00:00', 1, 1),
(184, '2016-06-29 18:00:00', 1, 1),
(185, '2016-06-29 21:00:00', 1, 1),
(186, '2016-06-29 23:00:00', 1, 1),
(187, '2016-06-30 18:00:00', 1, 1),
(188, '2016-06-30 21:00:00', 1, 1),
(189, '2016-06-30 23:00:00', 1, 1),
(190, '2016-07-01 18:00:00', 1, 1),
(191, '2016-07-01 21:00:00', 1, 1),
(192, '2016-07-01 23:00:00', 1, 1),
(193, '2016-07-02 18:00:00', 1, 1),
(194, '2016-07-02 21:00:00', 1, 1),
(195, '2016-07-02 23:00:00', 1, 1),
(196, '2016-07-03 18:00:00', 1, 1),
(197, '2016-07-03 21:00:00', 1, 1),
(198, '2016-07-03 23:00:00', 1, 1),
(199, '2016-07-04 18:00:00', 1, 1),
(200, '2016-07-04 21:00:00', 1, 1),
(201, '2016-07-04 23:00:00', 1, 1),
(202, '2016-07-05 18:00:00', 1, 1),
(203, '2016-07-05 21:00:00', 1, 1),
(204, '2016-07-05 23:00:00', 1, 1),
(205, '2016-07-06 18:00:00', 1, 1),
(206, '2016-07-06 21:00:00', 1, 1),
(207, '2016-07-06 23:00:00', 1, 1),
(208, '2016-07-07 18:00:00', 1, 1),
(209, '2016-07-07 21:00:00', 1, 1),
(210, '2016-07-07 23:00:00', 1, 1),
(211, '2016-07-08 18:00:00', 1, 1),
(212, '2016-07-08 21:00:00', 1, 1),
(213, '2016-07-08 23:00:00', 1, 1),
(214, '2016-07-09 18:00:00', 1, 1),
(215, '2016-07-09 21:00:00', 1, 1),
(216, '2016-07-09 23:00:00', 1, 1),
(217, '2016-07-10 18:00:00', 1, 1),
(218, '2016-07-10 21:00:00', 1, 1),
(219, '2016-07-10 23:00:00', 1, 1),
(220, '2016-07-11 18:00:00', 1, 1),
(221, '2016-07-11 21:00:00', 1, 1),
(222, '2016-07-11 23:00:00', 1, 1),
(223, '2016-07-12 18:00:00', 1, 1),
(224, '2016-07-12 21:00:00', 1, 1),
(225, '2016-07-12 23:00:00', 1, 1),
(226, '2016-07-13 18:00:00', 1, 1),
(227, '2016-07-13 21:00:00', 1, 1),
(228, '2016-07-13 23:00:00', 1, 1),
(229, '2016-07-14 18:00:00', 1, 1),
(230, '2016-07-14 21:00:00', 1, 1),
(231, '2016-07-14 23:00:00', 1, 1),
(232, '2016-06-15 16:00:00', 2, 2),
(233, '2016-06-15 18:00:00', 2, 2),
(234, '2016-06-16 16:00:00', 2, 2),
(235, '2016-06-16 18:00:00', 2, 2),
(236, '2016-06-17 18:00:00', 2, 2),
(237, '2016-06-17 20:00:00', 2, 2),
(238, '2016-06-17 22:00:00', 2, 2),
(239, '2016-06-18 18:00:00', 2, 2),
(240, '2016-06-18 20:00:00', 2, 2),
(241, '2016-06-18 22:00:00', 2, 2),
(242, '2016-06-19 19:00:00', 2, 2),
(243, '2016-06-19 23:00:00', 2, 2),
(244, '2016-06-20 19:00:00', 2, 2),
(245, '2016-06-20 23:00:00', 2, 2),
(246, '2016-06-21 19:00:00', 2, 2),
(247, '2016-06-21 23:00:00', 2, 2),
(248, '2016-06-22 20:00:00', 2, 2),
(249, '2016-06-22 22:00:00', 2, 2),
(250, '2016-06-23 20:00:00', 2, 2),
(251, '2016-06-23 22:00:00', 2, 2),
(252, '2016-06-24 20:00:00', 2, 2),
(253, '2016-06-24 22:00:00', 2, 2),
(254, '2016-06-25 20:00:00', 2, 2),
(255, '2016-06-25 22:00:00', 2, 2),
(256, '2016-06-26 20:00:00', 2, 2),
(257, '2016-06-26 22:00:00', 2, 2),
(258, '2016-06-27 20:00:00', 2, 2),
(259, '2016-06-27 22:00:00', 2, 2),
(260, '2016-06-28 20:00:00', 2, 2),
(261, '2016-06-28 22:00:00', 2, 2),
(262, '2016-06-29 20:00:00', 2, 2),
(263, '2016-06-29 22:00:00', 2, 2),
(264, '2016-06-30 20:00:00', 2, 2),
(265, '2016-06-30 22:00:00', 2, 2),
(266, '2016-07-01 20:00:00', 2, 2),
(267, '2016-07-01 22:00:00', 2, 2),
(268, '2016-07-02 20:00:00', 2, 2),
(269, '2016-07-02 22:00:00', 2, 2),
(270, '2016-07-03 20:00:00', 2, 2),
(271, '2016-07-03 22:00:00', 2, 2),
(272, '2016-07-04 20:00:00', 2, 2),
(273, '2016-07-04 22:00:00', 2, 2),
(274, '2016-07-05 20:00:00', 2, 2),
(275, '2016-07-05 22:00:00', 2, 2),
(276, '2016-07-06 20:00:00', 2, 2),
(277, '2016-07-06 22:00:00', 2, 2),
(278, '2016-07-07 20:00:00', 2, 2),
(279, '2016-07-07 22:00:00', 2, 2),
(280, '2016-07-08 20:00:00', 2, 2),
(281, '2016-07-08 22:00:00', 2, 2),
(282, '2016-07-09 20:00:00', 2, 2),
(283, '2016-07-09 22:00:00', 2, 2),
(284, '2016-07-10 20:00:00', 2, 2),
(285, '2016-07-10 22:00:00', 2, 2),
(286, '2016-07-11 20:00:00', 2, 2),
(287, '2016-07-11 22:00:00', 2, 2),
(288, '2016-07-12 20:00:00', 2, 2),
(289, '2016-07-12 22:00:00', 2, 2),
(290, '2016-07-13 20:00:00', 2, 2),
(291, '2016-07-13 22:00:00', 2, 2),
(292, '2016-07-14 20:00:00', 2, 2),
(293, '2016-07-14 22:00:00', 2, 2),
(294, '2016-07-15 20:00:00', 2, 2),
(295, '2016-07-15 22:00:00', 2, 2),
(296, '2016-07-16 20:00:00', 2, 2),
(297, '2016-07-16 22:00:00', 2, 2),
(298, '2016-07-17 20:00:00', 2, 2),
(299, '2016-07-17 22:00:00', 2, 2),
(300, '2016-07-18 20:00:00', 2, 2),
(301, '2016-07-18 22:00:00', 2, 2),
(302, '2016-07-19 20:00:00', 2, 2),
(303, '2016-07-19 22:00:00', 2, 2),
(304, '2016-07-20 20:00:00', 2, 2),
(305, '2016-07-20 22:00:00', 2, 2),
(306, '2016-07-21 20:00:00', 2, 2),
(307, '2016-07-21 22:00:00', 2, 2),
(308, '2016-07-22 20:00:00', 2, 2),
(309, '2016-07-22 22:00:00', 2, 2),
(310, '2016-07-23 20:00:00', 2, 2),
(311, '2016-07-23 22:00:00', 2, 2),
(312, '2016-07-24 20:00:00', 2, 2),
(313, '2016-07-24 22:00:00', 2, 2),
(314, '2016-07-25 20:00:00', 2, 2),
(315, '2016-07-25 22:00:00', 2, 2),
(316, '2016-06-26 16:00:00', 2, 2),
(317, '2016-06-26 21:00:00', 2, 2),
(318, '2016-06-26 23:00:00', 2, 2),
(319, '2016-06-27 16:00:00', 2, 2),
(320, '2016-06-27 21:00:00', 2, 2),
(321, '2016-06-27 23:00:00', 2, 2),
(322, '2016-06-28 16:00:00', 2, 2),
(323, '2016-06-28 21:00:00', 2, 2),
(324, '2016-06-28 23:00:00', 2, 2),
(325, '2016-06-29 16:00:00', 2, 2),
(326, '2016-06-29 21:00:00', 2, 2),
(327, '2016-06-29 23:00:00', 2, 2),
(328, '2016-06-30 16:00:00', 2, 2),
(329, '2016-06-30 21:00:00', 2, 2),
(330, '2016-06-30 23:00:00', 2, 2),
(331, '2016-07-01 16:00:00', 2, 2),
(332, '2016-07-01 21:00:00', 2, 2),
(333, '2016-07-01 23:00:00', 2, 2),
(334, '2016-07-02 16:00:00', 2, 2),
(335, '2016-07-02 21:00:00', 2, 2),
(336, '2016-07-02 23:00:00', 2, 2),
(337, '2016-07-03 16:00:00', 2, 2),
(338, '2016-07-03 21:00:00', 2, 2),
(339, '2016-07-03 23:00:00', 2, 2),
(340, '2016-07-04 16:00:00', 2, 2),
(341, '2016-07-04 21:00:00', 2, 2),
(342, '2016-07-04 23:00:00', 2, 2),
(343, '2016-07-05 16:00:00', 2, 2),
(344, '2016-07-05 21:00:00', 2, 2),
(345, '2016-07-05 23:00:00', 2, 2),
(346, '2016-07-06 16:00:00', 2, 2),
(347, '2016-07-06 21:00:00', 2, 2),
(348, '2016-07-06 23:00:00', 2, 2),
(349, '2016-07-07 16:00:00', 2, 2),
(350, '2016-07-07 21:00:00', 2, 2),
(351, '2016-07-07 23:00:00', 2, 2),
(352, '2016-07-08 16:00:00', 2, 2),
(353, '2016-07-08 21:00:00', 2, 2),
(354, '2016-07-08 23:00:00', 2, 2),
(355, '2016-07-09 16:00:00', 2, 2),
(356, '2016-07-09 21:00:00', 2, 2),
(357, '2016-07-09 23:00:00', 2, 2),
(358, '2016-07-10 16:00:00', 2, 2),
(359, '2016-07-10 21:00:00', 2, 2),
(360, '2016-07-10 23:00:00', 2, 2),
(361, '2016-07-11 16:00:00', 2, 2),
(362, '2016-07-11 21:00:00', 2, 2),
(363, '2016-07-11 23:00:00', 2, 2),
(364, '2016-07-12 16:00:00', 2, 2),
(365, '2016-07-12 21:00:00', 2, 2),
(366, '2016-07-12 23:00:00', 2, 2),
(367, '2016-07-13 16:00:00', 2, 2),
(368, '2016-07-13 21:00:00', 2, 2),
(369, '2016-07-13 23:00:00', 2, 2),
(370, '2016-07-14 16:00:00', 2, 2),
(371, '2016-07-14 21:00:00', 2, 2),
(372, '2016-07-14 23:00:00', 2, 2),
(373, '2016-06-15 16:00:00', 5, 3),
(374, '2016-06-15 18:00:00', 5, 3),
(375, '2016-06-15 22:00:00', 5, 3),
(376, '2016-06-16 16:00:00', 5, 3),
(377, '2016-06-16 18:00:00', 5, 3),
(378, '2016-06-16 22:00:00', 5, 3),
(379, '2016-06-17 17:00:00', 5, 3),
(380, '2016-06-17 21:00:00', 5, 3),
(381, '2016-06-17 23:00:00', 5, 3),
(382, '2016-06-18 17:00:00', 5, 3),
(383, '2016-06-18 21:00:00', 5, 3),
(384, '2016-06-18 23:00:00', 5, 3),
(385, '2016-06-19 19:00:00', 5, 3),
(386, '2016-06-19 21:00:00', 5, 3),
(387, '2016-06-19 23:00:00', 5, 3),
(388, '2016-06-20 19:00:00', 5, 3),
(389, '2016-06-20 21:00:00', 5, 3),
(390, '2016-06-20 23:00:00', 5, 3),
(391, '2016-06-21 19:00:00', 5, 3),
(392, '2016-06-21 21:00:00', 5, 3),
(393, '2016-06-21 23:00:00', 5, 3),
(394, '2016-06-22 16:00:00', 5, 3),
(395, '2016-06-22 18:00:00', 5, 3),
(396, '2016-06-23 16:00:00', 5, 3),
(397, '2016-06-23 18:00:00', 5, 3),
(398, '2016-06-24 16:00:00', 5, 3),
(399, '2016-06-24 18:00:00', 5, 3),
(400, '2016-06-25 16:00:00', 5, 3),
(401, '2016-06-25 18:00:00', 5, 3),
(402, '2016-06-26 17:00:00', 5, 3),
(403, '2016-06-26 21:00:00', 5, 3),
(404, '2016-06-27 17:00:00', 5, 3),
(405, '2016-06-27 21:00:00', 5, 3),
(406, '2016-06-28 17:00:00', 5, 3),
(407, '2016-06-28 21:00:00', 5, 3),
(408, '2016-06-29 17:00:00', 5, 3),
(409, '2016-06-29 21:00:00', 5, 3),
(410, '2016-06-30 17:00:00', 5, 3),
(411, '2016-06-30 21:00:00', 5, 3),
(412, '2016-07-01 17:00:00', 5, 3),
(413, '2016-07-01 21:00:00', 5, 3),
(414, '2016-07-02 17:00:00', 5, 3),
(415, '2016-07-02 21:00:00', 5, 3),
(416, '2016-07-03 17:00:00', 5, 3),
(417, '2016-07-03 21:00:00', 5, 3),
(418, '2016-07-04 17:00:00', 5, 3),
(419, '2016-07-04 21:00:00', 5, 3),
(420, '2016-07-05 17:00:00', 5, 3),
(421, '2016-07-05 21:00:00', 5, 3),
(422, '2016-07-06 17:00:00', 5, 3),
(423, '2016-07-06 21:00:00', 5, 3),
(424, '2016-07-07 17:00:00', 5, 3),
(425, '2016-07-07 21:00:00', 5, 3),
(426, '2016-07-08 17:00:00', 5, 3),
(427, '2016-07-08 21:00:00', 5, 3),
(428, '2016-07-09 17:00:00', 5, 3),
(429, '2016-07-09 21:00:00', 5, 3),
(430, '2016-07-10 17:00:00', 5, 3),
(431, '2016-07-10 21:00:00', 5, 3),
(432, '2016-07-11 17:00:00', 5, 3),
(433, '2016-07-11 21:00:00', 5, 3),
(434, '2016-07-12 17:00:00', 5, 3),
(435, '2016-07-12 21:00:00', 5, 3),
(436, '2016-07-13 17:00:00', 5, 3),
(437, '2016-07-13 21:00:00', 5, 3),
(438, '2016-07-14 17:00:00', 5, 3),
(439, '2016-07-14 21:00:00', 5, 3),
(440, '2016-06-15 16:00:00', 6, 4),
(441, '2016-06-15 18:00:00', 6, 4),
(442, '2016-06-15 22:00:00', 6, 4),
(443, '2016-06-16 16:00:00', 6, 4),
(444, '2016-06-16 18:00:00', 6, 4),
(445, '2016-06-16 22:00:00', 6, 4),
(446, '2016-06-17 17:00:00', 6, 4),
(447, '2016-06-17 19:00:00', 6, 4),
(448, '2016-06-17 21:00:00', 6, 4),
(449, '2016-06-18 17:00:00', 6, 4),
(450, '2016-06-18 19:00:00', 6, 4),
(451, '2016-06-18 21:00:00', 6, 4),
(452, '2016-06-19 21:00:00', 6, 4),
(453, '2016-06-19 23:00:00', 6, 4),
(454, '2016-06-20 21:00:00', 6, 4),
(455, '2016-06-20 23:00:00', 6, 4),
(456, '2016-06-21 21:00:00', 6, 4),
(457, '2016-06-21 23:00:00', 6, 4),
(458, '2016-06-22 16:00:00', 6, 4),
(459, '2016-06-22 18:00:00', 6, 4),
(460, '2016-06-23 16:00:00', 6, 4),
(461, '2016-06-23 18:00:00', 6, 4),
(462, '2016-06-24 16:00:00', 6, 4),
(463, '2016-06-24 18:00:00', 6, 4),
(464, '2016-06-25 16:00:00', 6, 4),
(465, '2016-06-25 18:00:00', 6, 4),
(466, '2016-06-26 16:00:00', 6, 4),
(467, '2016-06-26 20:00:00', 6, 4),
(468, '2016-06-26 22:00:00', 6, 4),
(469, '2016-06-27 16:00:00', 6, 4),
(470, '2016-06-27 20:00:00', 6, 4),
(471, '2016-06-27 22:00:00', 6, 4),
(472, '2016-06-28 16:00:00', 6, 4),
(473, '2016-06-28 20:00:00', 6, 4),
(474, '2016-06-28 22:00:00', 6, 4),
(475, '2016-06-29 16:00:00', 6, 4),
(476, '2016-06-29 20:00:00', 6, 4),
(477, '2016-06-29 22:00:00', 6, 4),
(478, '2016-06-30 16:00:00', 6, 4),
(479, '2016-06-30 20:00:00', 6, 4),
(480, '2016-06-30 22:00:00', 6, 4),
(481, '2016-07-01 16:00:00', 6, 4),
(482, '2016-07-01 20:00:00', 6, 4),
(483, '2016-07-01 22:00:00', 6, 4),
(484, '2016-07-02 16:00:00', 6, 4),
(485, '2016-07-02 20:00:00', 6, 4),
(486, '2016-07-02 22:00:00', 6, 4),
(487, '2016-07-03 16:00:00', 6, 4),
(488, '2016-07-03 20:00:00', 6, 4),
(489, '2016-07-03 22:00:00', 6, 4),
(490, '2016-07-04 16:00:00', 6, 4),
(491, '2016-07-04 20:00:00', 6, 4),
(492, '2016-07-04 22:00:00', 6, 4),
(493, '2016-07-05 16:00:00', 6, 4),
(494, '2016-07-05 20:00:00', 6, 4),
(495, '2016-07-05 22:00:00', 6, 4),
(496, '2016-07-06 16:00:00', 6, 4),
(497, '2016-07-06 20:00:00', 6, 4),
(498, '2016-07-06 22:00:00', 6, 4),
(499, '2016-07-07 16:00:00', 6, 4),
(500, '2016-07-07 20:00:00', 6, 4),
(501, '2016-07-07 22:00:00', 6, 4),
(502, '2016-07-08 16:00:00', 6, 4),
(503, '2016-07-08 20:00:00', 6, 4),
(504, '2016-07-08 22:00:00', 6, 4),
(505, '2016-07-09 16:00:00', 6, 4),
(506, '2016-07-09 20:00:00', 6, 4),
(507, '2016-07-09 22:00:00', 6, 4),
(508, '2016-07-10 16:00:00', 6, 4),
(509, '2016-07-10 20:00:00', 6, 4),
(510, '2016-07-10 22:00:00', 6, 4),
(511, '2016-07-11 16:00:00', 6, 4),
(512, '2016-07-11 20:00:00', 6, 4),
(513, '2016-07-11 22:00:00', 6, 4),
(514, '2016-07-12 16:00:00', 6, 4),
(515, '2016-07-12 20:00:00', 6, 4),
(516, '2016-07-12 22:00:00', 6, 4),
(517, '2016-07-13 16:00:00', 6, 4),
(518, '2016-07-13 20:00:00', 6, 4),
(519, '2016-07-13 22:00:00', 6, 4),
(520, '2016-07-14 16:00:00', 6, 4),
(521, '2016-07-14 20:00:00', 6, 4),
(522, '2016-07-14 22:00:00', 6, 4),
(523, '2016-06-15 19:00:00', 7, 5),
(524, '2016-06-15 22:00:00', 7, 5),
(525, '2016-06-16 19:00:00', 7, 5),
(526, '2016-06-16 22:00:00', 7, 5),
(527, '2016-06-17 16:00:00', 7, 5),
(528, '2016-06-17 18:00:00', 7, 5),
(529, '2016-06-17 22:00:00', 7, 5),
(530, '2016-06-18 16:00:00', 7, 5),
(531, '2016-06-18 18:00:00', 7, 5),
(532, '2016-06-18 22:00:00', 7, 5),
(533, '2016-06-19 18:00:00', 7, 5),
(534, '2016-06-19 22:00:00', 7, 5),
(535, '2016-06-20 18:00:00', 7, 5),
(536, '2016-06-20 22:00:00', 7, 5),
(537, '2016-06-21 18:00:00', 7, 5),
(538, '2016-06-21 22:00:00', 7, 5),
(539, '2016-06-22 16:00:00', 7, 5),
(540, '2016-06-22 18:00:00', 7, 5),
(541, '2016-06-22 22:00:00', 7, 5),
(542, '2016-06-23 16:00:00', 7, 5),
(543, '2016-06-23 18:00:00', 7, 5),
(544, '2016-06-23 22:00:00', 7, 5),
(545, '2016-06-24 16:00:00', 7, 5),
(546, '2016-06-24 18:00:00', 7, 5),
(547, '2016-06-24 22:00:00', 7, 5),
(548, '2016-06-25 16:00:00', 7, 5),
(549, '2016-06-25 18:00:00', 7, 5),
(550, '2016-06-25 22:00:00', 7, 5),
(551, '2016-06-26 21:00:00', 7, 5),
(552, '2016-06-26 23:00:00', 7, 5),
(553, '2016-06-27 21:00:00', 7, 5),
(554, '2016-06-27 23:00:00', 7, 5),
(555, '2016-06-28 21:00:00', 7, 5),
(556, '2016-06-28 23:00:00', 7, 5),
(557, '2016-06-29 21:00:00', 7, 5),
(558, '2016-06-29 23:00:00', 7, 5),
(559, '2016-06-30 21:00:00', 7, 5),
(560, '2016-06-30 23:00:00', 7, 5),
(561, '2016-07-01 21:00:00', 7, 5),
(562, '2016-07-01 23:00:00', 7, 5),
(563, '2016-07-02 21:00:00', 7, 5),
(564, '2016-07-02 23:00:00', 7, 5),
(565, '2016-07-03 21:00:00', 7, 5),
(566, '2016-07-03 23:00:00', 7, 5),
(567, '2016-07-04 21:00:00', 7, 5),
(568, '2016-07-04 23:00:00', 7, 5),
(569, '2016-07-05 21:00:00', 7, 5),
(570, '2016-07-05 23:00:00', 7, 5),
(571, '2016-07-06 21:00:00', 7, 5),
(572, '2016-07-06 23:00:00', 7, 5),
(573, '2016-07-07 21:00:00', 7, 5),
(574, '2016-07-07 23:00:00', 7, 5),
(575, '2016-07-08 21:00:00', 7, 5),
(576, '2016-07-08 23:00:00', 7, 5),
(577, '2016-07-09 21:00:00', 7, 5),
(578, '2016-07-09 23:00:00', 7, 5),
(579, '2016-07-10 21:00:00', 7, 5),
(580, '2016-07-10 23:00:00', 7, 5),
(581, '2016-07-11 21:00:00', 7, 5),
(582, '2016-07-11 23:00:00', 7, 5),
(583, '2016-07-12 21:00:00', 7, 5),
(584, '2016-07-12 23:00:00', 7, 5),
(585, '2016-07-13 21:00:00', 7, 5),
(586, '2016-07-13 23:00:00', 7, 5),
(587, '2016-07-14 21:00:00', 7, 5),
(588, '2016-07-14 23:00:00', 7, 5),
(589, '2016-06-15 19:00:00', 8, 6),
(590, '2016-06-15 21:00:00', 8, 6),
(591, '2016-06-15 23:00:00', 8, 6),
(592, '2016-06-16 19:00:00', 8, 6),
(593, '2016-06-16 21:00:00', 8, 6),
(594, '2016-06-16 23:00:00', 8, 6),
(595, '2016-06-17 21:00:00', 8, 6),
(596, '2016-06-17 23:00:00', 8, 6),
(597, '2016-06-18 21:00:00', 8, 6),
(598, '2016-06-18 23:00:00', 8, 6),
(599, '2016-06-19 17:00:00', 8, 6),
(600, '2016-06-19 20:00:00', 8, 6),
(601, '2016-06-19 22:00:00', 8, 6),
(602, '2016-06-20 17:00:00', 8, 6),
(603, '2016-06-20 20:00:00', 8, 6),
(604, '2016-06-20 22:00:00', 8, 6),
(605, '2016-06-21 17:00:00', 8, 6),
(606, '2016-06-21 20:00:00', 8, 6),
(607, '2016-06-21 22:00:00', 8, 6),
(608, '2016-06-22 21:00:00', 8, 6),
(609, '2016-06-22 23:00:00', 8, 6),
(610, '2016-06-23 21:00:00', 8, 6),
(611, '2016-06-23 23:00:00', 8, 6),
(612, '2016-06-24 21:00:00', 8, 6),
(613, '2016-06-24 23:00:00', 8, 6),
(614, '2016-06-25 21:00:00', 8, 6),
(615, '2016-06-25 23:00:00', 8, 6),
(616, '2016-06-26 18:00:00', 8, 6),
(617, '2016-06-26 22:00:00', 8, 6),
(618, '2016-06-27 18:00:00', 8, 6),
(619, '2016-06-27 22:00:00', 8, 6),
(620, '2016-06-28 18:00:00', 8, 6),
(621, '2016-06-28 22:00:00', 8, 6),
(622, '2016-06-29 18:00:00', 8, 6),
(623, '2016-06-29 22:00:00', 8, 6),
(624, '2016-06-30 18:00:00', 8, 6),
(625, '2016-06-30 22:00:00', 8, 6),
(626, '2016-07-01 18:00:00', 8, 6),
(627, '2016-07-01 22:00:00', 8, 6),
(628, '2016-07-02 18:00:00', 8, 6),
(629, '2016-07-02 22:00:00', 8, 6),
(630, '2016-07-03 18:00:00', 8, 6),
(631, '2016-07-03 22:00:00', 8, 6),
(632, '2016-07-04 18:00:00', 8, 6),
(633, '2016-07-04 22:00:00', 8, 6),
(634, '2016-07-05 18:00:00', 8, 6),
(635, '2016-07-05 22:00:00', 8, 6),
(636, '2016-07-06 18:00:00', 8, 6),
(637, '2016-07-06 22:00:00', 8, 6),
(638, '2016-07-07 18:00:00', 8, 6),
(639, '2016-07-07 22:00:00', 8, 6),
(640, '2016-07-08 18:00:00', 8, 6),
(641, '2016-07-08 22:00:00', 8, 6),
(642, '2016-07-09 18:00:00', 8, 6),
(643, '2016-07-09 22:00:00', 8, 6),
(644, '2016-07-10 18:00:00', 8, 6),
(645, '2016-07-10 22:00:00', 8, 6),
(646, '2016-07-11 18:00:00', 8, 6),
(647, '2016-07-11 22:00:00', 8, 6),
(648, '2016-07-12 18:00:00', 8, 6),
(649, '2016-07-12 22:00:00', 8, 6),
(650, '2016-07-13 18:00:00', 8, 6),
(651, '2016-07-13 22:00:00', 8, 6),
(652, '2016-07-14 18:00:00', 8, 6),
(653, '2016-07-14 22:00:00', 8, 6);

-- --------------------------------------------------------

--
-- Estructura de tabla para la tabla `usuario`
--

CREATE TABLE IF NOT EXISTS `usuario` (
  `id` int(11) unsigned NOT NULL,
  `user` varchar(191) COLLATE utf8mb4_unicode_ci DEFAULT NULL,
  `hash` varchar(191) COLLATE utf8mb4_unicode_ci DEFAULT NULL,
  `nombre` varchar(191) COLLATE utf8mb4_unicode_ci DEFAULT NULL,
  `apellidos` varchar(191) COLLATE utf8mb4_unicode_ci DEFAULT NULL,
  `fechanacimiento` date DEFAULT NULL,
  `ciudad` varchar(191) COLLATE utf8mb4_unicode_ci DEFAULT NULL,
  `verificado` varchar(2) COLLATE utf8mb4_unicode_ci NOT NULL,
  `uniqid` varchar(191) COLLATE utf8mb4_unicode_ci DEFAULT NULL,
  `admin` varchar(255) COLLATE utf8mb4_unicode_ci NOT NULL
) ENGINE=InnoDB AUTO_INCREMENT=66 DEFAULT CHARSET=utf8mb4 COLLATE=utf8mb4_unicode_ci;

--
-- Volcado de datos para la tabla `usuario`
--

INSERT INTO `usuario` (`id`, `user`, `hash`, `nombre`, `apellidos`, `fechanacimiento`, `ciudad`, `verificado`, `uniqid`, `admin`) VALUES
(1, 'ismael', 'aaaa', 'Ismael', 'Nuñez Garcia', '1994-03-03', 'Madrid', 'NO', NULL, ''),
(57, 'charly.9349@gmail.com', '$2y$10$nU2yfJJr4GOFyh1BNujuA.zd7EZcFqP81nElQaWk/iCYpwYJt8M22', 'Carlos', 'Garbajosa ', '1993-02-03', 'Madrid', 'SI', '570a664d5105f', 'SI'),
(64, 'c.garbajosabarroso@gmail.com', '$2y$10$PHjdg/dS6LJaEDA00AUd/eeFGRyDQBTLXSlhpU9mQygNthB0wC/rO', 'Carlos', 'Garbajosa', '1993-02-09', 'Madrid', 'SI', '571c9d2af4106', ''),
(65, 'isma.sanfer.94@gmail.com', '$2y$10$JJoZ92DPzyfCm..S6wXBRufVzR7PVnCVYUGDMZPIjZ48oOBSHVUSO', 'ismael', 'Nunez Garcia', '2011-02-09', 'Madrid', 'SI', '572da0aec2ff4', 'SI');

--
-- Índices para tablas volcadas
--

--
-- Indices de la tabla `asientos`
--
ALTER TABLE `asientos`
  ADD PRIMARY KEY (`id`),
  ADD KEY `index_foreignkey_asientos_sala` (`sala_id`);

--
-- Indices de la tabla `asientosbloqueados`
--
ALTER TABLE `asientosbloqueados`
  ADD PRIMARY KEY (`id`);

--
-- Indices de la tabla `cartelera`
--
ALTER TABLE `cartelera`
  ADD PRIMARY KEY (`id`),
  ADD KEY `index_foreignkey_cartelera_pelicula` (`pelicula_id`);

--
-- Indices de la tabla `configuracion`
--
ALTER TABLE `configuracion`
  ADD PRIMARY KEY (`id`);

--
-- Indices de la tabla `entradareserva`
--
ALTER TABLE `entradareserva`
  ADD PRIMARY KEY (`id`),
  ADD KEY `index_foreignkey_entradareserva_asientos` (`asientos_id`),
  ADD KEY `index_foreignkey_entradareserva_sala` (`sala_id`),
  ADD KEY `index_foreignkey_entradareserva_sesion` (`sesion_id`);

--
-- Indices de la tabla `entradareserva_factura`
--
ALTER TABLE `entradareserva_factura`
  ADD PRIMARY KEY (`id`),
  ADD UNIQUE KEY `UQ_a651728e9f7e59994f2b21b19a2b2ed45e95990d` (`entradareserva_id`,`factura_id`),
  ADD KEY `index_foreignkey_entradareserva_factura_factura` (`factura_id`),
  ADD KEY `index_foreignkey_entradareserva_factura_entradareserva` (`entradareserva_id`);

--
-- Indices de la tabla `factura`
--
ALTER TABLE `factura`
  ADD PRIMARY KEY (`id`),
  ADD KEY `index_foreignkey_factura_usuario` (`usuario_id`);

--
-- Indices de la tabla `incidencias`
--
ALTER TABLE `incidencias`
  ADD PRIMARY KEY (`id`),
  ADD KEY `index_foreignkey_incidencias_usuario` (`usuario_id`);

--
-- Indices de la tabla `mensajes`
--
ALTER TABLE `mensajes`
  ADD PRIMARY KEY (`id`),
  ADD KEY `index_foreignkey_mensajes_remitente` (`remitente_id`),
  ADD KEY `index_foreignkey_mensajes_incidencia` (`incidencia_id`);

--
-- Indices de la tabla `pelicula`
--
ALTER TABLE `pelicula`
  ADD PRIMARY KEY (`id`);

--
-- Indices de la tabla `sala`
--
ALTER TABLE `sala`
  ADD PRIMARY KEY (`id`);

--
-- Indices de la tabla `sesion`
--
ALTER TABLE `sesion`
  ADD PRIMARY KEY (`id`),
  ADD KEY `index_foreignkey_sesion_pelicula` (`pelicula_id`),
  ADD KEY `index_foreignkey_sesion_sala` (`sala_id`);

--
-- Indices de la tabla `usuario`
--
ALTER TABLE `usuario`
  ADD PRIMARY KEY (`id`);

--
-- AUTO_INCREMENT de las tablas volcadas
--

--
-- AUTO_INCREMENT de la tabla `asientos`
--
ALTER TABLE `asientos`
  MODIFY `id` int(11) unsigned NOT NULL AUTO_INCREMENT,AUTO_INCREMENT=3816;
--
-- AUTO_INCREMENT de la tabla `asientosbloqueados`
--
ALTER TABLE `asientosbloqueados`
  MODIFY `id` int(11) unsigned NOT NULL AUTO_INCREMENT,AUTO_INCREMENT=6;
--
-- AUTO_INCREMENT de la tabla `cartelera`
--
ALTER TABLE `cartelera`
  MODIFY `id` int(11) unsigned NOT NULL AUTO_INCREMENT,AUTO_INCREMENT=9;
--
-- AUTO_INCREMENT de la tabla `configuracion`
--
ALTER TABLE `configuracion`
  MODIFY `id` int(11) unsigned NOT NULL AUTO_INCREMENT,AUTO_INCREMENT=2;
--
-- AUTO_INCREMENT de la tabla `entradareserva`
--
ALTER TABLE `entradareserva`
  MODIFY `id` int(11) unsigned NOT NULL AUTO_INCREMENT,AUTO_INCREMENT=30;
--
-- AUTO_INCREMENT de la tabla `entradareserva_factura`
--
ALTER TABLE `entradareserva_factura`
  MODIFY `id` int(11) unsigned NOT NULL AUTO_INCREMENT,AUTO_INCREMENT=29;
--
-- AUTO_INCREMENT de la tabla `factura`
--
ALTER TABLE `factura`
  MODIFY `id` int(11) unsigned NOT NULL AUTO_INCREMENT,AUTO_INCREMENT=17;
--
-- AUTO_INCREMENT de la tabla `incidencias`
--
ALTER TABLE `incidencias`
  MODIFY `id` int(11) unsigned NOT NULL AUTO_INCREMENT,AUTO_INCREMENT=5;
--
-- AUTO_INCREMENT de la tabla `mensajes`
--
ALTER TABLE `mensajes`
  MODIFY `id` int(11) unsigned NOT NULL AUTO_INCREMENT,AUTO_INCREMENT=6;
--
-- AUTO_INCREMENT de la tabla `pelicula`
--
ALTER TABLE `pelicula`
  MODIFY `id` int(11) unsigned NOT NULL AUTO_INCREMENT,AUTO_INCREMENT=9;
--
-- AUTO_INCREMENT de la tabla `sala`
--
ALTER TABLE `sala`
  MODIFY `id` int(11) unsigned NOT NULL AUTO_INCREMENT,AUTO_INCREMENT=12;
--
-- AUTO_INCREMENT de la tabla `sesion`
--
ALTER TABLE `sesion`
  MODIFY `id` int(11) unsigned NOT NULL AUTO_INCREMENT,AUTO_INCREMENT=654;
--
-- AUTO_INCREMENT de la tabla `usuario`
--
ALTER TABLE `usuario`
  MODIFY `id` int(11) unsigned NOT NULL AUTO_INCREMENT,AUTO_INCREMENT=66;
--
-- Restricciones para tablas volcadas
--

--
-- Filtros para la tabla `asientos`
--
ALTER TABLE `asientos`
  ADD CONSTRAINT `c_fk_asientos_sala_id` FOREIGN KEY (`sala_id`) REFERENCES `sala` (`id`) ON DELETE SET NULL ON UPDATE SET NULL;

--
-- Filtros para la tabla `cartelera`
--
ALTER TABLE `cartelera`
  ADD CONSTRAINT `c_fk_cartelera_pelicula_id` FOREIGN KEY (`pelicula_id`) REFERENCES `pelicula` (`id`) ON DELETE SET NULL ON UPDATE SET NULL;

--
-- Filtros para la tabla `entradareserva`
--
ALTER TABLE `entradareserva`
  ADD CONSTRAINT `c_fk_entradareserva_asientos_id` FOREIGN KEY (`asientos_id`) REFERENCES `asientos` (`id`) ON DELETE SET NULL ON UPDATE SET NULL,
  ADD CONSTRAINT `c_fk_entradareserva_sala_id` FOREIGN KEY (`sala_id`) REFERENCES `sala` (`id`) ON DELETE SET NULL ON UPDATE SET NULL,
  ADD CONSTRAINT `c_fk_entradareserva_sesion_id` FOREIGN KEY (`sesion_id`) REFERENCES `sesion` (`id`) ON DELETE SET NULL ON UPDATE SET NULL;

--
-- Filtros para la tabla `entradareserva_factura`
--
ALTER TABLE `entradareserva_factura`
  ADD CONSTRAINT `c_fk_entradareserva_factura_entradareserva_id` FOREIGN KEY (`entradareserva_id`) REFERENCES `entradareserva` (`id`) ON DELETE CASCADE ON UPDATE CASCADE,
  ADD CONSTRAINT `c_fk_entradareserva_factura_factura_id` FOREIGN KEY (`factura_id`) REFERENCES `factura` (`id`) ON DELETE CASCADE ON UPDATE CASCADE;

--
-- Filtros para la tabla `factura`
--
ALTER TABLE `factura`
  ADD CONSTRAINT `c_fk_factura_usuario_id` FOREIGN KEY (`usuario_id`) REFERENCES `usuario` (`id`) ON DELETE SET NULL ON UPDATE SET NULL;

--
-- Filtros para la tabla `incidencias`
--
ALTER TABLE `incidencias`
  ADD CONSTRAINT `c_fk_incidencias_usuario_id` FOREIGN KEY (`usuario_id`) REFERENCES `usuario` (`id`) ON DELETE SET NULL ON UPDATE SET NULL;

--
-- Filtros para la tabla `mensajes`
--
ALTER TABLE `mensajes`
  ADD CONSTRAINT `c_fk_mensajes_incidencia_id` FOREIGN KEY (`incidencia_id`) REFERENCES `incidencias` (`id`) ON DELETE SET NULL ON UPDATE SET NULL;

--
-- Filtros para la tabla `sesion`
--
ALTER TABLE `sesion`
  ADD CONSTRAINT `c_fk_sesion_pelicula_id` FOREIGN KEY (`pelicula_id`) REFERENCES `pelicula` (`id`) ON DELETE SET NULL ON UPDATE SET NULL,
  ADD CONSTRAINT `c_fk_sesion_sala_id` FOREIGN KEY (`sala_id`) REFERENCES `sala` (`id`) ON DELETE SET NULL ON UPDATE SET NULL;

/*!40101 SET CHARACTER_SET_CLIENT=@OLD_CHARACTER_SET_CLIENT */;
/*!40101 SET CHARACTER_SET_RESULTS=@OLD_CHARACTER_SET_RESULTS */;
/*!40101 SET COLLATION_CONNECTION=@OLD_COLLATION_CONNECTION */;
